% ref pos   :  4007280.2110  -4306466.3702  -2458455.7289
%  GPST              x-ecef(m)      y-ecef(m)      z-ecef(m)   Q  ns   sdx(m)   sdy(m)   sdz(m)  sdxy(m)  sdyz(m)  sdzx(m) age(s)  ratio
2100 475523.000   4007202.5456  -4306463.3099  -2458561.8993   1  11   0.0116   0.0110   0.0074  -0.0097   0.0072  -0.0061   0.01   49.1
2100 475524.000   4007202.5511  -4306463.3173  -2458561.9049   1  11   0.0116   0.0110   0.0074  -0.0097   0.0072  -0.0061   0.01   48.8
2100 475525.000   4007202.5489  -4306463.3135  -2458561.9020   1  11   0.0116   0.0110   0.0074  -0.0097   0.0072  -0.0061   0.01   48.6
2100 475526.000   4007202.5471  -4306463.3126  -2458561.8992   1  11   0.0116   0.0110   0.0074  -0.0097   0.0072  -0.0061   0.01   48.4
2100 475527.000   4007202.5458  -4306463.3134  -2458561.8996   1  11   0.0116   0.0110   0.0074  -0.0097   0.0072  -0.0061   0.01   48.2
2100 475528.000   4007202.5511  -4306463.3169  -2458561.9018   1  12   0.0101   0.0098   0.0072  -0.0081   0.0066  -0.0053   0.01   45.4
2100 475529.000   4007202.5499  -4306463.3218  -2458561.9028   1  12   0.0101   0.0098   0.0072  -0.0081   0.0066  -0.0053   0.01   45.1
2100 475530.000   4007202.5485  -4306463.3236  -2458561.9044   1  12   0.0101   0.0098   0.0072  -0.0081   0.0066  -0.0053   0.01   45.0
2100 475531.000   4007202.5461  -4306463.3187  -2458561.9060   1  12   0.0101   0.0098   0.0072  -0.0081   0.0066  -0.0053   0.01   44.9
2100 475532.000   4007202.5490  -4306463.3178  -2458561.9055   1  12   0.0101   0.0098   0.0072  -0.0081   0.0066  -0.0053   0.01   44.7
2100 475533.000   4007202.5497  -4306463.3190  -2458561.9077   1  12   0.0101   0.0098   0.0072  -0.0081   0.0066  -0.0053   0.01   44.6
2100 475534.000   4007202.5489  -4306463.3180  -2458561.9073   1  12   0.0101   0.0098   0.0072  -0.0081   0.0066  -0.0053   0.01   44.5
2100 475535.000   4007202.5511  -4306463.3165  -2458561.9047   1  12   0.0101   0.0098   0.0072  -0.0081   0.0066  -0.0053   0.01   44.3
2100 475536.000   4007202.5547  -4306463.3174  -2458561.9064   1  12   0.0101   0.0098   0.0072  -0.0081   0.0066  -0.0053   0.01   44.1
2100 475537.000   4007202.5519  -4306463.3119  -2458561.9016   1  12   0.0101   0.0098   0.0072  -0.0081   0.0066  -0.0053   0.01   44.0
2100 475538.000   4007202.5500  -4306463.3103  -2458561.9022   1  12   0.0101   0.0098   0.0072  -0.0081   0.0066  -0.0053   0.01   43.8
2100 475539.000   4007202.5567  -4306463.3193  -2458561.9059   1  12   0.0101   0.0098   0.0072  -0.0081   0.0066  -0.0053   0.01   43.6
2100 475540.000   4007202.5502  -4306463.3166  -2458561.9067   1  12   0.0101   0.0098   0.0072  -0.0081   0.0066  -0.0053   0.01   43.5
2100 475541.000   4007202.5510  -4306463.3211  -2458561.9099   1  12   0.0101   0.0098   0.0072  -0.0081   0.0066  -0.0053   0.01   43.3
2100 475542.000   4007202.5503  -4306463.3176  -2458561.9082   1  12   0.0101   0.0098   0.0072  -0.0081   0.0066  -0.0053   0.01   43.1
2100 475543.000   4007202.5523  -4306463.3189  -2458561.9053   1  12   0.0101   0.0098   0.0072  -0.0081   0.0066  -0.0053   0.01   42.9
2100 475544.000   4007202.5520  -4306463.3198  -2458561.9050   1  12   0.0101   0.0098   0.0072  -0.0081   0.0066  -0.0053   0.01   42.7
2100 475545.000   4007202.5514  -4306463.3171  -2458561.9020   1  12   0.0101   0.0098   0.0072  -0.0081   0.0066  -0.0053   0.01   42.5
2100 475546.000   4007202.5529  -4306463.3207  -2458561.9066   1  12   0.0101   0.0098   0.0072  -0.0081   0.0066  -0.0053   0.01   42.3
2100 475547.000   4007202.5522  -4306463.3197  -2458561.9072   1  12   0.0101   0.0098   0.0072  -0.0081   0.0066  -0.0053   0.01   42.1
2100 475548.000   4007202.5485  -4306463.3029  -2458561.9011   1  11   0.0102   0.0114   0.0075  -0.0085   0.0075  -0.0055   0.01   43.0
2100 475549.000   4007202.5478  -4306463.3035  -2458561.8984   1  11   0.0102   0.0114   0.0075  -0.0085   0.0075  -0.0055   0.01   42.9
2100 475550.000   4007202.5487  -4306463.3086  -2458561.9008   1  11   0.0102   0.0114   0.0075  -0.0085   0.0075  -0.0055   0.01   42.8
2100 475551.000   4007202.5496  -4306463.3185  -2458561.9068   1  13   0.0101   0.0096   0.0068  -0.0082   0.0062  -0.0054   0.01   41.7
2100 475552.000   4007202.5501  -4306463.3189  -2458561.9042   1  12   0.0101   0.0098   0.0072  -0.0081   0.0066  -0.0053   0.01   41.5
2100 475553.000   4007202.5496  -4306463.3204  -2458561.9068   1  12   0.0101   0.0098   0.0072  -0.0081   0.0066  -0.0053   0.01   41.3
2100 475554.000   4007202.5520  -4306463.3163  -2458561.9031   1  12   0.0101   0.0098   0.0072  -0.0081   0.0066  -0.0053   0.01   41.0
2100 475555.000   4007202.5512  -4306463.3199  -2458561.9033   1  12   0.0101   0.0098   0.0072  -0.0081   0.0066  -0.0053   0.01   40.7
2100 475556.000   4007202.5526  -4306463.3194  -2458561.9055   1  12   0.0101   0.0098   0.0072  -0.0081   0.0066  -0.0053   0.01   40.6
2100 475557.000   4007202.5516  -4306463.3212  -2458561.9049   1  13   0.0101   0.0098   0.0072  -0.0081   0.0066  -0.0053   0.01   40.3
2100 475558.000   4007202.5506  -4306463.3198  -2458561.9065   1  12   0.0101   0.0098   0.0072  -0.0081   0.0066  -0.0053   0.01   40.1
2100 475559.000   4007202.5551  -4306463.3196  -2458561.9059   1  12   0.0101   0.0098   0.0072  -0.0081   0.0066  -0.0053   0.01   39.9
2100 475560.000   4007202.5503  -4306463.3195  -2458561.9061   1  12   0.0101   0.0098   0.0072  -0.0081   0.0066  -0.0053   0.01   39.6
2100 475561.000   4007202.5527  -4306463.3255  -2458561.9076   1  12   0.0101   0.0098   0.0072  -0.0081   0.0066  -0.0053   0.01   39.4
2100 475562.000   4007202.5508  -4306463.3135  -2458561.9050   1  12   0.0101   0.0098   0.0072  -0.0081   0.0066  -0.0053   0.01   39.1
2100 475563.000   4007202.5515  -4306463.3209  -2458561.9050   1  12   0.0101   0.0098   0.0072  -0.0082   0.0066  -0.0053   0.01   38.8
2100 475564.000   4007202.5529  -4306463.3146  -2458561.9042   1  12   0.0101   0.0098   0.0072  -0.0082   0.0066  -0.0053   0.01   38.5
2100 475565.000   4007202.5534  -4306463.3193  -2458561.9049   1  12   0.0101   0.0098   0.0072  -0.0082   0.0066  -0.0053   0.01   38.2
2100 475566.000   4007202.5524  -4306463.3169  -2458561.9053   1  12   0.0101   0.0098   0.0072  -0.0082   0.0066  -0.0053   0.01   38.0
2100 475567.000   4007202.5535  -4306463.3186  -2458561.9051   1  12   0.0072   0.0070   0.0051  -0.0058   0.0047  -0.0038   0.01    4.0
2100 475568.000   4007202.5528  -4306463.3179  -2458561.9069   1  12   0.0072   0.0070   0.0051  -0.0058   0.0047  -0.0038   0.01    4.1
2100 475569.000   4007202.5497  -4306463.3192  -2458561.9053   1  12   0.0072   0.0070   0.0051  -0.0058   0.0047  -0.0038   0.01    4.2
2100 475570.000   4007202.5517  -4306463.3199  -2458561.9068   1  12   0.0072   0.0070   0.0051  -0.0058   0.0047  -0.0038   0.01    4.2
2100 475571.000   4007202.5502  -4306463.3152  -2458561.9061   1  12   0.0072   0.0070   0.0051  -0.0058   0.0047  -0.0038   0.01    4.4
2100 475572.000   4007202.5520  -4306463.3179  -2458561.9063   1  12   0.0072   0.0070   0.0051  -0.0058   0.0047  -0.0038   0.01    4.5
2100 475573.000   4007202.5515  -4306463.3156  -2458561.9073   1  12   0.0072   0.0070   0.0051  -0.0058   0.0047  -0.0038   0.01    4.6
2100 475574.000   4007202.5542  -4306463.3197  -2458561.9065   1  12   0.0072   0.0070   0.0051  -0.0058   0.0047  -0.0038   0.01    4.7
2100 475575.000   4007202.5545  -4306463.3199  -2458561.9097   1  12   0.0072   0.0070   0.0051  -0.0058   0.0047  -0.0038   0.01   15.9
2100 475576.000   4007202.5517  -4306463.3180  -2458561.9068   1  12   0.0072   0.0070   0.0051  -0.0058   0.0047  -0.0038   0.01   22.9
2100 475577.000   4007202.5502  -4306463.3167  -2458561.9072   1  12   0.0072   0.0070   0.0051  -0.0058   0.0047  -0.0038   0.01   26.3
2100 475578.000   4007202.5532  -4306463.3175  -2458561.9064   1  12   0.0072   0.0070   0.0051  -0.0058   0.0047  -0.0038   0.01   27.2
2100 475579.000   4007202.5497  -4306463.3170  -2458561.9072   1  12   0.0072   0.0070   0.0051  -0.0058   0.0047  -0.0038   0.01   28.5
2100 475580.000   4007202.5474  -4306463.3167  -2458561.9051   1  12   0.0072   0.0070   0.0051  -0.0058   0.0047  -0.0038   0.01   29.8
2100 475581.000   4007202.5494  -4306463.3215  -2458561.9067   1  12   0.0072   0.0070   0.0051  -0.0058   0.0047  -0.0038   0.01   31.0
2100 475582.000   4007202.5492  -4306463.3240  -2458561.9083   1  12   0.0072   0.0070   0.0051  -0.0058   0.0047  -0.0038   0.01   31.0
2100 475583.000   4007202.5487  -4306463.3237  -2458561.9063   1  12   0.0072   0.0070   0.0051  -0.0058   0.0047  -0.0038   0.01   31.3
2100 475584.000   4007202.5471  -4306463.3224  -2458561.9058   1  12   0.0072   0.0070   0.0051  -0.0058   0.0047  -0.0038   0.01   31.6
2100 475585.000   4007202.5473  -4306463.3251  -2458561.9072   1  12   0.0072   0.0070   0.0051  -0.0058   0.0047  -0.0038   0.01   31.9
2100 475586.000   4007202.5484  -4306463.3238  -2458561.9078   1  12   0.0072   0.0070   0.0051  -0.0058   0.0047  -0.0038   0.01   32.5
2100 475587.000   4007202.5479  -4306463.3207  -2458561.9058   1  12   0.0072   0.0070   0.0051  -0.0058   0.0047  -0.0038   0.01   33.6
2100 475588.000   4007202.5478  -4306463.3211  -2458561.9055   1  12   0.0072   0.0070   0.0051  -0.0058   0.0047  -0.0038   0.01   34.5
2100 475589.000   4007202.5483  -4306463.3231  -2458561.9088   1  13   0.0072   0.0068   0.0048  -0.0058   0.0044  -0.0038   0.01   34.8
2100 475590.000   4007202.5490  -4306463.3278  -2458561.9066   1  13   0.0072   0.0067   0.0047  -0.0058   0.0043  -0.0038   0.01   35.3
2100 475591.000   4007202.5508  -4306463.3306  -2458561.9078   1  12   0.0072   0.0070   0.0051  -0.0058   0.0047  -0.0038   0.01   35.5
2100 475592.000   4007202.5493  -4306463.3271  -2458561.9066   1  12   0.0072   0.0070   0.0051  -0.0058   0.0047  -0.0038   0.01   35.7
2100 475593.000   4007202.5513  -4306463.3283  -2458561.9059   1  12   0.0072   0.0070   0.0051  -0.0058   0.0047  -0.0038   0.01   36.3
2100 475594.000   4007202.5521  -4306463.3300  -2458561.9070   1  12   0.0072   0.0070   0.0051  -0.0058   0.0047  -0.0038   0.01   36.6
2100 475595.000   4007202.5504  -4306463.3272  -2458561.9078   1  12   0.0072   0.0070   0.0051  -0.0058   0.0047  -0.0038   0.01   36.9
2100 475596.000   4007202.5523  -4306463.3295  -2458561.9143   1  13   0.0072   0.0066   0.0046  -0.0058   0.0041  -0.0038   0.01    4.0
2100 475597.000   4007202.5506  -4306463.3322  -2458561.9131   1  13   0.0072   0.0066   0.0046  -0.0058   0.0041  -0.0038   0.01    4.9
2100 475598.000   4007202.5513  -4306463.3305  -2458561.9126   1  13   0.0072   0.0066   0.0046  -0.0058   0.0041  -0.0038   0.01    5.9
2100 475599.000   4007202.5524  -4306463.3343  -2458561.9140   1  13   0.0072   0.0067   0.0047  -0.0058   0.0042  -0.0038   0.01    6.6
2100 475600.000   4007202.5526  -4306463.3297  -2458561.9108   1  12   0.0072   0.0070   0.0051  -0.0058   0.0047  -0.0038   0.01   35.6
2100 475601.000   4007202.5540  -4306463.3281  -2458561.9098   1  12   0.0072   0.0070   0.0051  -0.0058   0.0047  -0.0038   0.01   35.8
2100 475602.000   4007202.5524  -4306463.3325  -2458561.9140   1  13   0.0072   0.0067   0.0048  -0.0058   0.0043  -0.0038   0.01    7.2
2100 475603.000   4007202.5514  -4306463.3262  -2458561.9079   1  12   0.0072   0.0070   0.0051  -0.0058   0.0047  -0.0038   0.01   35.6
2100 475604.000   4007202.5522  -4306463.3262  -2458561.9085   1  12   0.0072   0.0070   0.0051  -0.0058   0.0047  -0.0038   0.01   35.5
2100 475605.000   4007202.5511  -4306463.3249  -2458561.9092   1  12   0.0072   0.0070   0.0051  -0.0058   0.0047  -0.0038   0.01   35.3
2100 475606.000   4007202.5521  -4306463.3235  -2458561.9073   1  12   0.0072   0.0070   0.0051  -0.0058   0.0047  -0.0038   0.01   35.1
2100 475607.000   4007202.5499  -4306463.3288  -2458561.9121   1  12   0.0072   0.0070   0.0051  -0.0058   0.0047  -0.0038   0.01   34.9
2100 475608.000   4007202.5526  -4306463.3246  -2458561.9100   1  12   0.0072   0.0070   0.0051  -0.0058   0.0047  -0.0038   0.01   34.7
2100 475609.000   4007202.5504  -4306463.3233  -2458561.9086   1  12   0.0072   0.0070   0.0051  -0.0058   0.0047  -0.0038   0.01   34.8
2100 475610.000   4007202.5522  -4306463.3255  -2458561.9103   1  12   0.0072   0.0070   0.0051  -0.0058   0.0047  -0.0038   0.01   34.6
2100 475611.000   4007202.5483  -4306463.3207  -2458561.9076   1  12   0.0072   0.0070   0.0051  -0.0058   0.0047  -0.0038   0.01   34.4
2100 475612.000   4007202.5503  -4306463.3181  -2458561.9071   1  12   0.0072   0.0070   0.0051  -0.0058   0.0047  -0.0038   0.01   34.6
2100 475613.000   4007202.5501  -4306463.3171  -2458561.9074   1  12   0.0072   0.0070   0.0051  -0.0058   0.0047  -0.0038   0.01   34.7
2100 475614.000   4007202.5482  -4306463.3212  -2458561.9065   1  12   0.0072   0.0070   0.0051  -0.0058   0.0047  -0.0038   0.01   34.8
2100 475615.000   4007202.5516  -4306463.3235  -2458561.9083   1  12   0.0072   0.0070   0.0051  -0.0058   0.0047  -0.0038   0.01   35.0
2100 475616.000   4007202.5520  -4306463.3223  -2458561.9068   1  12   0.0072   0.0070   0.0051  -0.0058   0.0047  -0.0038   0.01   35.0
2100 475617.000   4007202.5486  -4306463.3207  -2458561.9063   1  12   0.0072   0.0070   0.0051  -0.0058   0.0047  -0.0038   0.01   35.1
2100 475618.000   4007202.5500  -4306463.3247  -2458561.9077   1  12   0.0072   0.0070   0.0051  -0.0058   0.0047  -0.0038   0.01   35.3
2100 475619.000   4007202.5503  -4306463.3251  -2458561.9091   1  12   0.0072   0.0070   0.0051  -0.0058   0.0047  -0.0038   0.01   35.4
2100 475620.000   4007202.5493  -4306463.3218  -2458561.9081   1  12   0.0072   0.0070   0.0051  -0.0058   0.0047  -0.0038   0.01   35.3
2100 475621.000   4007202.5497  -4306463.3224  -2458561.9073   1  12   0.0072   0.0070   0.0051  -0.0058   0.0047  -0.0038   0.01   35.3
2100 475622.000   4007202.5482  -4306463.3207  -2458561.9064   1  12   0.0072   0.0070   0.0051  -0.0058   0.0047  -0.0038   0.01   35.2
2100 475623.000   4007202.5474  -4306463.3188  -2458561.9040   1  12   0.0072   0.0070   0.0051  -0.0058   0.0047  -0.0038   0.01   35.2
2100 475624.000   4007202.5471  -4306463.3203  -2458561.9038   1  12   0.0072   0.0070   0.0051  -0.0058   0.0047  -0.0038   0.01   35.2
2100 475625.000   4007202.5473  -4306463.3211  -2458561.9062   1  12   0.0072   0.0070   0.0051  -0.0058   0.0047  -0.0038   0.01   35.1
2100 475626.000   4007202.5489  -4306463.3241  -2458561.9093   1  12   0.0072   0.0070   0.0051  -0.0058   0.0047  -0.0038   0.01   35.0
2100 475627.000   4007202.5506  -4306463.3250  -2458561.9080   1  12   0.0072   0.0070   0.0051  -0.0058   0.0047  -0.0038   0.01   34.8
2100 475628.000   4007202.5492  -4306463.3254  -2458561.9078   1  12   0.0072   0.0070   0.0051  -0.0058   0.0047  -0.0038   0.01   34.6
2100 475629.000   4007202.5459  -4306463.3212  -2458561.9037   1  12   0.0072   0.0070   0.0051  -0.0058   0.0047  -0.0038   0.01   34.8
2100 475630.000   4007202.5504  -4306463.3239  -2458561.9069   1  12   0.0072   0.0070   0.0051  -0.0058   0.0047  -0.0038   0.01   34.9
2100 475631.000   4007202.5530  -4306463.3247  -2458561.9071   1  12   0.0072   0.0070   0.0051  -0.0058   0.0047  -0.0038   0.01   34.7
2100 475632.000   4007202.5495  -4306463.3234  -2458561.9066   1  12   0.0072   0.0070   0.0051  -0.0058   0.0047  -0.0038   0.01   34.6
2100 475633.000   4007202.5537  -4306463.3273  -2458561.9081   1  12   0.0072   0.0070   0.0051  -0.0058   0.0047  -0.0038   0.01   34.4
2100 475634.000   4007202.5530  -4306463.3219  -2458561.9064   1  12   0.0072   0.0070   0.0051  -0.0058   0.0047  -0.0038   0.01   34.6
2100 475635.000   4007202.5504  -4306463.3302  -2458561.9097   1  12   0.0072   0.0070   0.0051  -0.0058   0.0047  -0.0038   0.01   34.0
2100 475636.000   4007202.5546  -4306463.3277  -2458561.9128   1  12   0.0072   0.0070   0.0051  -0.0058   0.0047  -0.0038   0.01   33.8
2100 475637.000   4007202.5566  -4306463.3218  -2458561.9066   1  12   0.0072   0.0070   0.0051  -0.0058   0.0047  -0.0038   0.01   33.5
2100 475638.000   4007202.5567  -4306463.3170  -2458561.9084   1  12   0.0072   0.0070   0.0051  -0.0058   0.0047  -0.0038   0.01   33.4
2100 475639.000   4007202.5498  -4306463.3144  -2458561.9046   1  12   0.0072   0.0070   0.0051  -0.0058   0.0047  -0.0038   0.01   34.0
2100 475640.000   4007202.5526  -4306463.3150  -2458561.9047   1  12   0.0072   0.0070   0.0051  -0.0058   0.0047  -0.0038   0.01   34.2
2100 475641.000   4007202.5524  -4306463.3177  -2458561.9073   1  12   0.0072   0.0070   0.0051  -0.0058   0.0047  -0.0038   0.01   34.4
2100 475642.000   4007202.5542  -4306463.3173  -2458561.9058   1  12   0.0072   0.0070   0.0051  -0.0058   0.0047  -0.0038   0.01   34.6
2100 475643.000   4007202.5539  -4306463.3193  -2458561.9077   1  12   0.0072   0.0070   0.0051  -0.0058   0.0047  -0.0038   0.01   34.7
2100 475644.000   4007202.5554  -4306463.3196  -2458561.9069   1  12   0.0072   0.0070   0.0051  -0.0058   0.0047  -0.0038   0.01   34.6
2100 475645.000   4007202.5565  -4306463.3200  -2458561.9067   1  12   0.0072   0.0070   0.0051  -0.0058   0.0047  -0.0038   0.01   34.4
2100 475646.000   4007202.5549  -4306463.3180  -2458561.9065   1  12   0.0072   0.0070   0.0051  -0.0058   0.0047  -0.0038   0.01   34.3
2100 475647.000   4007202.5508  -4306463.3192  -2458561.9082   1  12   0.0072   0.0070   0.0051  -0.0058   0.0047  -0.0038   0.01   34.3
2100 475648.000   4007202.5518  -4306463.3137  -2458561.9050   1  12   0.0072   0.0070   0.0051  -0.0058   0.0047  -0.0038   0.01   34.5
2100 475649.000   4007202.5554  -4306463.3164  -2458561.9057   1  12   0.0072   0.0070   0.0051  -0.0058   0.0047  -0.0038   0.01   34.5
2100 475650.000   4007202.5545  -4306463.3222  -2458561.9072   1  12   0.0072   0.0070   0.0051  -0.0058   0.0047  -0.0038   0.01   34.7
2100 475651.000   4007202.5569  -4306463.3225  -2458561.9080   1  12   0.0072   0.0070   0.0051  -0.0058   0.0047  -0.0038   0.01   34.5
2100 475652.000   4007202.5517  -4306463.3164  -2458561.9048   1  12   0.0072   0.0070   0.0051  -0.0058   0.0047  -0.0038   0.01   34.5
2100 475653.000   4007202.5537  -4306463.3153  -2458561.9052   1  12   0.0072   0.0070   0.0051  -0.0058   0.0047  -0.0038   0.01   34.5
2100 475654.000   4007202.5540  -4306463.3176  -2458561.9048   1  12   0.0072   0.0070   0.0051  -0.0058   0.0047  -0.0038   0.01   34.4
2100 475655.000   4007202.5485  -4306463.3191  -2458561.9068   1  12   0.0072   0.0070   0.0051  -0.0058   0.0047  -0.0038   0.01   34.3
2100 475656.000   4007202.5516  -4306463.3223  -2458561.9055   1  12   0.0072   0.0070   0.0051  -0.0058   0.0047  -0.0038   0.01   34.4
2100 475657.000   4007202.5513  -4306463.3212  -2458561.9059   1  12   0.0072   0.0070   0.0051  -0.0058   0.0047  -0.0038   0.01   34.3
2100 475658.000   4007202.5533  -4306463.3219  -2458561.9078   1  12   0.0072   0.0070   0.0051  -0.0058   0.0047  -0.0038   0.01   34.3
2100 475659.000   4007202.5565  -4306463.3239  -2458561.9086   1  12   0.0072   0.0070   0.0051  -0.0058   0.0047  -0.0038   0.01   34.2
2100 475660.000   4007202.5528  -4306463.3210  -2458561.9063   1  12   0.0072   0.0070   0.0051  -0.0058   0.0047  -0.0038   0.01   34.2
2100 475661.000   4007202.5546  -4306463.3223  -2458561.9091   1  12   0.0072   0.0070   0.0051  -0.0058   0.0047  -0.0038   0.01   34.0
2100 475662.000   4007202.5516  -4306463.3192  -2458561.9072   1  12   0.0072   0.0070   0.0051  -0.0058   0.0047  -0.0038   0.01   33.9
2100 475663.000   4007202.5574  -4306463.3238  -2458561.9090   1  12   0.0072   0.0070   0.0051  -0.0058   0.0047  -0.0038   0.01   33.7
2100 475664.000   4007202.5554  -4306463.3182  -2458561.9064   1  12   0.0072   0.0070   0.0051  -0.0058   0.0047  -0.0038   0.01   33.6
2100 475665.000   4007202.5603  -4306463.3206  -2458561.9084   1  12   0.0072   0.0070   0.0051  -0.0058   0.0047  -0.0038   0.01   33.4
2100 475666.000   4007202.5540  -4306463.3177  -2458561.9077   1  12   0.0072   0.0070   0.0051  -0.0058   0.0047  -0.0038   0.01   33.2
2100 475667.000   4007202.5550  -4306463.3135  -2458561.9066   1  12   0.0072   0.0070   0.0051  -0.0058   0.0047  -0.0038   0.01   32.9
2100 475668.000   4007202.5555  -4306463.3152  -2458561.9067   1  12   0.0072   0.0070   0.0051  -0.0058   0.0047  -0.0038   0.01   32.9
2100 475669.000   4007202.5550  -4306463.3178  -2458561.9073   1  12   0.0072   0.0070   0.0051  -0.0058   0.0047  -0.0038   0.01   32.9
2100 475670.000   4007202.5573  -4306463.3170  -2458561.9083   1  12   0.0072   0.0070   0.0051  -0.0058   0.0047  -0.0038   0.01   32.6
2100 475671.000   4007202.5566  -4306463.3199  -2458561.9109   1  12   0.0072   0.0070   0.0051  -0.0058   0.0047  -0.0038   0.01   32.5
2100 475672.000   4007202.5576  -4306463.3208  -2458561.9120   1  12   0.0072   0.0070   0.0051  -0.0058   0.0047  -0.0038   0.01   32.3
2100 475673.000   4007202.5569  -4306463.3194  -2458561.9100   1  12   0.0072   0.0070   0.0051  -0.0058   0.0047  -0.0038   0.01   32.2
2100 475674.000   4007202.5592  -4306463.3220  -2458561.9105   1  12   0.0072   0.0070   0.0051  -0.0058   0.0047  -0.0038   0.01   32.0
2100 475675.000   4007202.5598  -4306463.3229  -2458561.9106   1  12   0.0072   0.0070   0.0051  -0.0058   0.0047  -0.0038   0.01   32.0
2100 475676.000   4007202.5608  -4306463.3215  -2458561.9111   1  12   0.0072   0.0070   0.0051  -0.0058   0.0047  -0.0038   0.01   32.0
2100 475677.000   4007202.5598  -4306463.3177  -2458561.9110   1  12   0.0072   0.0070   0.0051  -0.0058   0.0047  -0.0038   0.01   32.2
2100 475678.000   4007202.5597  -4306463.3212  -2458561.9115   1  12   0.0072   0.0070   0.0051  -0.0058   0.0047  -0.0038   0.01   32.3
2100 475679.000   4007202.5557  -4306463.3188  -2458561.9110   1  12   0.0072   0.0070   0.0051  -0.0058   0.0047  -0.0038   0.01   32.2
2100 475680.000   4007202.5557  -4306463.3199  -2458561.9112   1  12   0.0072   0.0070   0.0051  -0.0058   0.0047  -0.0038   0.01   32.3
2100 475681.000   4007202.5589  -4306463.3204  -2458561.9116   1  12   0.0072   0.0070   0.0051  -0.0058   0.0047  -0.0038   0.01   32.3
2100 475682.000   4007202.5550  -4306463.3175  -2458561.9114   1  12   0.0072   0.0070   0.0051  -0.0058   0.0047  -0.0038   0.01   32.4
2100 475683.000   4007202.5500  -4306463.3196  -2458561.9091   1  12   0.0072   0.0070   0.0051  -0.0058   0.0047  -0.0038   0.01   32.5
2100 475684.000   4007202.5545  -4306463.3162  -2458561.9092   1  12   0.0072   0.0070   0.0051  -0.0058   0.0047  -0.0038   0.01   32.8
2100 475685.000   4007202.5548  -4306463.3139  -2458561.9084   1  12   0.0072   0.0070   0.0051  -0.0058   0.0047  -0.0038   0.01   33.3
2100 475686.000   4007202.5537  -4306463.3123  -2458561.9089   1  12   0.0072   0.0070   0.0051  -0.0058   0.0047  -0.0038   0.01   33.6
2100 475687.000   4007202.5498  -4306463.3116  -2458561.9067   1  12   0.0072   0.0070   0.0051  -0.0058   0.0047  -0.0038   0.01   33.8
2100 475688.000   4007202.5522  -4306463.3146  -2458561.9078   1  12   0.0072   0.0070   0.0051  -0.0058   0.0047  -0.0038   0.01   34.3
2100 475689.000   4007202.5534  -4306463.3189  -2458561.9078   1  12   0.0072   0.0070   0.0051  -0.0058   0.0047  -0.0038   0.01   34.7
2100 475690.000   4007202.5542  -4306463.3122  -2458561.9062   1  12   0.0072   0.0070   0.0051  -0.0058   0.0047  -0.0038   0.01   35.1
2100 475691.000   4007202.5548  -4306463.3144  -2458561.9071   1  12   0.0072   0.0070   0.0051  -0.0058   0.0047  -0.0038   0.01   35.4
2100 475692.000   4007202.5522  -4306463.3182  -2458561.9073   1  12   0.0072   0.0070   0.0051  -0.0058   0.0047  -0.0038   0.01   35.5
2100 475693.000   4007202.5561  -4306463.3201  -2458561.9063   1  12   0.0072   0.0070   0.0051  -0.0058   0.0047  -0.0038   0.01   35.5
2100 475694.000   4007202.5555  -4306463.3222  -2458561.9088   1  12   0.0072   0.0070   0.0051  -0.0058   0.0047  -0.0038   0.01   35.7
2100 475695.000   4007202.5521  -4306463.3191  -2458561.9071   1  12   0.0072   0.0070   0.0051  -0.0058   0.0047  -0.0038   0.01   35.7
2100 475696.000   4007202.5526  -4306463.3219  -2458561.9082   1  13   0.0072   0.0069   0.0049  -0.0059   0.0045  -0.0039   0.01   35.8
2100 475697.000   4007202.5527  -4306463.3185  -2458561.9061   1  12   0.0072   0.0070   0.0051  -0.0058   0.0047  -0.0038   0.01   35.7
2100 475698.000   4007202.5521  -4306463.3215  -2458561.9067   1  12   0.0072   0.0070   0.0051  -0.0058   0.0047  -0.0038   0.01   35.7
2100 475699.000   4007202.5549  -4306463.3211  -2458561.9083   1  13   0.0072   0.0069   0.0049  -0.0059   0.0045  -0.0039   0.01   35.7
2100 475700.000   4007202.5515  -4306463.3202  -2458561.9067   1  12   0.0072   0.0070   0.0051  -0.0058   0.0047  -0.0038   0.01   35.6
2100 475701.000   4007202.5542  -4306463.3210  -2458561.9074   1  12   0.0072   0.0070   0.0051  -0.0059   0.0047  -0.0038   0.01   35.6
2100 475702.000   4007202.5549  -4306463.3196  -2458561.9075   1  12   0.0072   0.0070   0.0051  -0.0059   0.0047  -0.0038   0.01   35.6
2100 475703.000   4007202.5538  -4306463.3101  -2458561.9027   1  12   0.0072   0.0070   0.0051  -0.0059   0.0047  -0.0039   0.01   36.0
2100 475704.000   4007202.5536  -4306463.3146  -2458561.9040   1  12   0.0072   0.0070   0.0051  -0.0059   0.0047  -0.0039   0.01   36.3
2100 475705.000   4007202.5516  -4306463.3095  -2458561.9030   1  12   0.0072   0.0070   0.0051  -0.0059   0.0047  -0.0039   0.01   36.8
2100 475706.000   4007202.5567  -4306463.3147  -2458561.9045   1  12   0.0072   0.0070   0.0051  -0.0059   0.0047  -0.0039   0.01   37.0
2100 475707.000   4007202.5521  -4306463.3170  -2458561.9037   1  12   0.0072   0.0070   0.0051  -0.0059   0.0047  -0.0039   0.01   37.3
2100 475708.000   4007202.5560  -4306463.3189  -2458561.9049   1  12   0.0072   0.0070   0.0051  -0.0059   0.0047  -0.0039   0.01   37.6
2100 475709.000   4007202.5559  -4306463.3181  -2458561.9080   1  12   0.0072   0.0070   0.0051  -0.0059   0.0047  -0.0039   0.01   37.9
2100 475710.000   4007202.5550  -4306463.3216  -2458561.9067   1  12   0.0072   0.0070   0.0051  -0.0059   0.0047  -0.0039   0.01   38.2
2100 475711.000   4007202.5521  -4306463.3186  -2458561.9032   1  12   0.0072   0.0070   0.0051  -0.0059   0.0047  -0.0039   0.01   38.4
2100 475712.000   4007202.5541  -4306463.3178  -2458561.9046   1  12   0.0072   0.0070   0.0051  -0.0059   0.0047  -0.0039   0.01   38.7
2100 475713.000   4007202.5535  -4306463.3188  -2458561.9051   1  12   0.0072   0.0070   0.0051  -0.0059   0.0047  -0.0039   0.01   39.0
2100 475714.000   4007202.5513  -4306463.3120  -2458561.9018   1  12   0.0072   0.0070   0.0051  -0.0059   0.0047  -0.0039   0.01   39.5
2100 475715.000   4007202.5502  -4306463.3156  -2458561.9025   1  12   0.0072   0.0070   0.0051  -0.0059   0.0047  -0.0039   0.01   39.9
2100 475716.000   4007202.5535  -4306463.3198  -2458561.9050   1  12   0.0072   0.0070   0.0051  -0.0059   0.0047  -0.0039   0.01   40.2
2100 475717.000   4007202.5561  -4306463.3223  -2458561.9052   1  12   0.0072   0.0070   0.0051  -0.0059   0.0047  -0.0039   0.01   40.5
2100 475718.000   4007202.5520  -4306463.3210  -2458561.9045   1  12   0.0072   0.0070   0.0051  -0.0059   0.0047  -0.0039   0.01   40.8
2100 475719.000   4007202.5519  -4306463.3145  -2458561.9018   1  12   0.0072   0.0070   0.0051  -0.0059   0.0047  -0.0039   0.01   40.9
2100 475720.000   4007202.5510  -4306463.3142  -2458561.9024   1  12   0.0073   0.0070   0.0051  -0.0059   0.0047  -0.0039   0.01   41.3
2100 475721.000   4007202.5528  -4306463.3169  -2458561.9039   1  12   0.0073   0.0070   0.0051  -0.0059   0.0047  -0.0039   0.01   41.5
2100 475722.000   4007202.5542  -4306463.3178  -2458561.9037   1  12   0.0073   0.0070   0.0051  -0.0059   0.0047  -0.0039   0.01   41.6
2100 475723.000   4007202.5571  -4306463.3199  -2458561.9047   1  12   0.0073   0.0070   0.0051  -0.0059   0.0047  -0.0039   0.01   41.8
2100 475724.000   4007202.5524  -4306463.3184  -2458561.9031   1  12   0.0073   0.0070   0.0051  -0.0059   0.0047  -0.0039   0.01   41.8
2100 475725.000   4007202.5503  -4306463.3127  -2458561.9017   1  12   0.0073   0.0070   0.0051  -0.0059   0.0047  -0.0039   0.01   41.9
2100 475726.000   4007202.5504  -4306463.3116  -2458561.9012   1  12   0.0073   0.0070   0.0051  -0.0059   0.0047  -0.0039   0.01   42.1
2100 475727.000   4007202.5567  -4306463.3163  -2458561.9013   1  12   0.0073   0.0070   0.0051  -0.0059   0.0047  -0.0039   0.01   42.3
2100 475728.000   4007202.5557  -4306463.3206  -2458561.9026   1  12   0.0073   0.0070   0.0051  -0.0059   0.0047  -0.0039   0.01   42.4
2100 475729.000   4007202.5546  -4306463.3185  -2458561.9030   1  12   0.0073   0.0070   0.0051  -0.0059   0.0047  -0.0039   0.01   42.5
2100 475730.000   4007202.5534  -4306463.3230  -2458561.9063   1  12   0.0073   0.0070   0.0051  -0.0059   0.0047  -0.0039   0.01   42.4
2100 475731.000   4007202.5532  -4306463.3204  -2458561.9036   1  12   0.0073   0.0070   0.0051  -0.0059   0.0047  -0.0039   0.01   42.4
2100 475732.000   4007202.5593  -4306463.3277  -2458561.9062   1  12   0.0073   0.0070   0.0051  -0.0059   0.0047  -0.0039   0.01   42.3
2100 475733.000   4007202.5562  -4306463.3229  -2458561.9048   1  12   0.0073   0.0071   0.0051  -0.0059   0.0047  -0.0039   0.01   42.2
2100 475734.000   4007202.5550  -4306463.3221  -2458561.9032   1  12   0.0073   0.0071   0.0051  -0.0059   0.0047  -0.0039   0.01   42.3
2100 475735.000   4007202.5517  -4306463.3165  -2458561.9034   1  12   0.0073   0.0071   0.0051  -0.0059   0.0047  -0.0039   0.01   42.5
2100 475736.000   4007202.5534  -4306463.3162  -2458561.9018   1  12   0.0073   0.0071   0.0051  -0.0059   0.0047  -0.0039   0.01   42.5
2100 475737.000   4007202.5522  -4306463.3190  -2458561.8994   1  12   0.0073   0.0071   0.0051  -0.0059   0.0047  -0.0039   0.01   42.4
2100 475738.000   4007202.5553  -4306463.3271  -2458561.9056   1  12   0.0073   0.0071   0.0051  -0.0059   0.0047  -0.0039   0.01   42.1
2100 475739.000   4007202.5532  -4306463.3247  -2458561.9041   1  12   0.0073   0.0071   0.0051  -0.0059   0.0047  -0.0039   0.01   42.1
2100 475740.000   4007202.5544  -4306463.3198  -2458561.9028   1  13   0.0073   0.0071   0.0051  -0.0059   0.0047  -0.0039   0.01   41.9
2100 475741.000   4007202.5539  -4306463.3276  -2458561.9046   1  12   0.0073   0.0071   0.0051  -0.0059   0.0048  -0.0039   0.01   41.7
2100 475742.000   4007202.5571  -4306463.3242  -2458561.9064   1  12   0.0073   0.0071   0.0051  -0.0059   0.0048  -0.0039   0.01   41.4
2100 475743.000   4007202.5494  -4306463.3159  -2458561.9008   1  12   0.0073   0.0072   0.0051  -0.0059   0.0048  -0.0039   0.01   41.3
2100 475744.000   4007202.5543  -4306463.3211  -2458561.9023   1  12   0.0073   0.0073   0.0051  -0.0059   0.0048  -0.0039   0.01   41.3
2100 475745.000   4007202.5542  -4306463.3322  -2458561.9065   1  12   0.0073   0.0075   0.0052  -0.0060   0.0049  -0.0039   0.01   41.2
2100 475746.000   4007202.5545  -4306463.3290  -2458561.9080   1  11   0.0073   0.0081   0.0053  -0.0062   0.0053  -0.0040   0.01   43.0
2100 475747.000   4007202.5531  -4306463.3329  -2458561.9074   1  11   0.0073   0.0081   0.0053  -0.0062   0.0053  -0.0040   0.01   42.9
2100 475748.000   4007202.5508  -4306463.3321  -2458561.9086   1  11   0.0073   0.0081   0.0053  -0.0062   0.0053  -0.0040   0.01   42.7
2100 475749.000   4007202.5587  -4306463.3338  -2458561.9102   1  11   0.0073   0.0081   0.0053  -0.0062   0.0053  -0.0040   0.01   42.6
2100 475750.000   4007202.5573  -4306463.3314  -2458561.9086   1  11   0.0073   0.0081   0.0053  -0.0062   0.0053  -0.0040   0.01   42.4
2100 475751.000   4007202.5570  -4306463.3307  -2458561.9098   1  11   0.0073   0.0081   0.0053  -0.0062   0.0053  -0.0040   0.01   42.3
2100 475752.000   4007202.5561  -4306463.3306  -2458561.9078   1  11   0.0073   0.0081   0.0053  -0.0062   0.0053  -0.0040   0.01   42.3
2100 475753.000   4007202.5570  -4306463.3263  -2458561.9060   1  11   0.0073   0.0081   0.0053  -0.0062   0.0053  -0.0040   0.01   42.3
2100 475754.000   4007202.5541  -4306463.3290  -2458561.9058   1  11   0.0073   0.0081   0.0053  -0.0062   0.0053  -0.0040   0.01   42.2
2100 475755.000   4007202.5551  -4306463.3355  -2458561.9094   1  11   0.0073   0.0081   0.0053  -0.0062   0.0053  -0.0040   0.01   42.1
2100 475756.000   4007202.5551  -4306463.3294  -2458561.9086   1  11   0.0073   0.0081   0.0053  -0.0062   0.0053  -0.0040   0.01   41.8
2100 475757.000   4007202.5514  -4306463.3221  -2458561.9073   1  11   0.0073   0.0081   0.0053  -0.0062   0.0053  -0.0040   0.01   41.8
2100 475758.000   4007202.5574  -4306463.3302  -2458561.9088   1  11   0.0073   0.0081   0.0053  -0.0062   0.0053  -0.0040   0.01   41.7
2100 475759.000   4007202.5553  -4306463.3262  -2458561.9071   1  11   0.0073   0.0081   0.0053  -0.0062   0.0053  -0.0040   0.01   41.5
2100 475760.000   4007202.5512  -4306463.3276  -2458561.9067   1  12   0.0073   0.0078   0.0052  -0.0061   0.0051  -0.0040   0.01   41.4
2100 475761.000   4007202.5538  -4306463.3245  -2458561.9050   1  12   0.0073   0.0078   0.0052  -0.0061   0.0051  -0.0040   0.01   41.4
2100 475762.000   4007202.5533  -4306463.3292  -2458561.9053   1  11   0.0073   0.0081   0.0053  -0.0062   0.0053  -0.0040   0.01   41.2
2100 475763.000   4007202.5538  -4306463.3286  -2458561.9090   1  11   0.0073   0.0081   0.0053  -0.0062   0.0053  -0.0040   0.01   41.0
2100 475764.000   4007202.5513  -4306463.3281  -2458561.9076   1  11   0.0073   0.0081   0.0053  -0.0062   0.0053  -0.0040   0.01   40.9
2100 475765.000   4007202.5527  -4306463.3303  -2458561.9065   1  11   0.0073   0.0081   0.0053  -0.0062   0.0053  -0.0040   0.01   40.8
2100 475766.000   4007202.5514  -4306463.3174  -2458561.9023   1  12   0.0073   0.0075   0.0052  -0.0060   0.0049  -0.0040   0.01   40.8
2100 475767.000   4007202.5538  -4306463.3298  -2458561.9069   1  11   0.0073   0.0081   0.0053  -0.0062   0.0053  -0.0040   0.01   40.6
2100 475768.000   4007202.5584  -4306463.3309  -2458561.9084   1  11   0.0073   0.0081   0.0053  -0.0062   0.0053  -0.0040   0.01   40.3
2100 475769.000   4007202.5515  -4306463.3241  -2458561.9040   1  12   0.0073   0.0073   0.0051  -0.0060   0.0048  -0.0039   0.01   40.2
2100 475770.000   4007202.5549  -4306463.3223  -2458561.9071   1  12   0.0073   0.0072   0.0051  -0.0059   0.0048  -0.0039   0.01   40.0
2100 475771.000   4007202.5497  -4306463.3225  -2458561.9061   1  12   0.0073   0.0072   0.0051  -0.0059   0.0048  -0.0039   0.01   40.0
2100 475772.000   4007202.5551  -4306463.3274  -2458561.9082   1  12   0.0073   0.0070   0.0051  -0.0059   0.0047  -0.0039   0.01    3.6
2100 475773.000   4007202.5519  -4306463.3232  -2458561.9066   1  12   0.0073   0.0070   0.0051  -0.0059   0.0047  -0.0039   0.01    4.2
2100 475774.000   4007202.5534  -4306463.3201  -2458561.9047   1  12   0.0073   0.0070   0.0051  -0.0059   0.0047  -0.0039   0.01    4.8
2100 475775.000   4007202.5526  -4306463.3228  -2458561.9068   1  12   0.0073   0.0070   0.0051  -0.0059   0.0047  -0.0039   0.01    5.4
2100 475776.000   4007202.5561  -4306463.3216  -2458561.9041   1  12   0.0073   0.0070   0.0051  -0.0059   0.0047  -0.0039   0.01    5.9
2100 475777.000   4007202.5539  -4306463.3189  -2458561.9044   1  12   0.0073   0.0070   0.0051  -0.0059   0.0047  -0.0039   0.01    6.4
2100 475778.000   4007202.5551  -4306463.3174  -2458561.9017   1  12   0.0073   0.0070   0.0051  -0.0059   0.0047  -0.0039   0.01    6.9
2100 475779.000   4007202.5522  -4306463.3212  -2458561.9030   1  12   0.0073   0.0070   0.0051  -0.0059   0.0047  -0.0039   0.01    7.4
2100 475780.000   4007202.5555  -4306463.3224  -2458561.9052   1  11   0.0073   0.0081   0.0053  -0.0062   0.0053  -0.0041   0.01   38.8
2100 475781.000   4007202.5560  -4306463.3266  -2458561.9077   1  11   0.0073   0.0081   0.0053  -0.0062   0.0053  -0.0041   0.01   38.7
2100 475782.000   4007202.5545  -4306463.3252  -2458561.9051   1  11   0.0073   0.0081   0.0053  -0.0062   0.0053  -0.0041   0.01   38.8
2100 475783.000   4007202.5559  -4306463.3265  -2458561.9069   1  11   0.0073   0.0081   0.0053  -0.0062   0.0053  -0.0041   0.01   38.7
2100 475784.000   4007202.5580  -4306463.3229  -2458561.9066   1  12   0.0073   0.0070   0.0051  -0.0059   0.0047  -0.0039   0.01    7.8
2100 475785.000   4007202.5531  -4306463.3155  -2458561.9037   1  12   0.0073   0.0070   0.0051  -0.0059   0.0047  -0.0039   0.01    8.3
2100 475786.000   4007202.5591  -4306463.3209  -2458561.9050   1  12   0.0073   0.0070   0.0051  -0.0059   0.0047  -0.0039   0.01    8.8
2100 475787.000   4007202.5578  -4306463.3233  -2458561.9066   1  11   0.0073   0.0081   0.0053  -0.0062   0.0053  -0.0041   0.01   38.6
2100 475788.000   4007202.5575  -4306463.3246  -2458561.9055   1  11   0.0073   0.0081   0.0053  -0.0062   0.0053  -0.0041   0.01   38.5
2100 475789.000   4007202.5566  -4306463.3272  -2458561.9079   1  11   0.0073   0.0081   0.0053  -0.0062   0.0053  -0.0041   0.01   38.5
2100 475790.000   4007202.5549  -4306463.3212  -2458561.9067   1  11   0.0073   0.0081   0.0053  -0.0062   0.0053  -0.0041   0.01   38.4
2100 475791.000   4007202.5546  -4306463.3160  -2458561.9035   1  12   0.0073   0.0070   0.0051  -0.0059   0.0047  -0.0039   0.01    9.1
2100 475792.000   4007202.5567  -4306463.3167  -2458561.9036   1  12   0.0073   0.0070   0.0051  -0.0059   0.0047  -0.0039   0.01    9.4
2100 475793.000   4007202.5566  -4306463.3158  -2458561.9028   1  12   0.0073   0.0070   0.0051  -0.0059   0.0047  -0.0039   0.01    9.7
2100 475794.000   4007202.5557  -4306463.3106  -2458561.9015   1  12   0.0073   0.0070   0.0051  -0.0059   0.0047  -0.0039   0.01    9.9
2100 475795.000   4007202.5537  -4306463.3114  -2458561.9009   1  12   0.0073   0.0070   0.0051  -0.0059   0.0047  -0.0039   0.01   10.1
2100 475796.000   4007202.5530  -4306463.3124  -2458561.9004   1  12   0.0073   0.0070   0.0051  -0.0059   0.0047  -0.0039   0.01   10.4
2100 475797.000   4007202.5543  -4306463.3175  -2458561.9031   1  12   0.0073   0.0070   0.0051  -0.0059   0.0047  -0.0039   0.01   10.7
2100 475798.000   4007202.5517  -4306463.3112  -2458561.9017   1  12   0.0073   0.0070   0.0051  -0.0059   0.0047  -0.0039   0.01   11.0
2100 475799.000   4007202.5533  -4306463.3130  -2458561.9034   1  12   0.0073   0.0070   0.0051  -0.0059   0.0047  -0.0039   0.01   11.1
2100 475800.000   4007202.5529  -4306463.3099  -2458561.9005   1  12   0.0073   0.0070   0.0051  -0.0059   0.0047  -0.0039   0.01   11.4
2100 475801.000   4007202.5547  -4306463.3162  -2458561.9041   1  12   0.0073   0.0070   0.0051  -0.0059   0.0047  -0.0039   0.01   11.8
2100 475802.000   4007202.5508  -4306463.3134  -2458561.9024   1  12   0.0073   0.0070   0.0051  -0.0059   0.0047  -0.0039   0.01   12.1
2100 475803.000   4007202.5500  -4306463.3092  -2458561.9013   1  12   0.0073   0.0070   0.0051  -0.0059   0.0047  -0.0039   0.01   12.3
2100 475804.000   4007202.5500  -4306463.3070  -2458561.9007   1  12   0.0073   0.0070   0.0051  -0.0059   0.0047  -0.0039   0.01   12.5
2100 475805.000   4007202.5491  -4306463.3082  -2458561.8995   1  12   0.0073   0.0070   0.0051  -0.0059   0.0047  -0.0039   0.01   12.7
2100 475806.000   4007202.5516  -4306463.3147  -2458561.9013   1  12   0.0073   0.0070   0.0051  -0.0059   0.0047  -0.0039   0.01   13.0
2100 475807.000   4007202.5511  -4306463.3153  -2458561.9050   1  12   0.0073   0.0070   0.0051  -0.0059   0.0047  -0.0039   0.01   13.3
2100 475808.000   4007202.5542  -4306463.3103  -2458561.9023   1  12   0.0073   0.0070   0.0051  -0.0059   0.0047  -0.0039   0.01   13.5
2100 475809.000   4007202.5520  -4306463.3104  -2458561.9016   1  12   0.0073   0.0070   0.0051  -0.0059   0.0047  -0.0039   0.01   13.6
2100 475810.000   4007202.5519  -4306463.3107  -2458561.9018   1  12   0.0073   0.0070   0.0051  -0.0059   0.0047  -0.0039   0.01   13.8
2100 475811.000   4007202.5502  -4306463.3103  -2458561.8985   1  12   0.0073   0.0070   0.0051  -0.0059   0.0047  -0.0039   0.01   13.9
2100 475812.000   4007202.5541  -4306463.3085  -2458561.8994   1  12   0.0073   0.0070   0.0051  -0.0059   0.0047  -0.0039   0.01   14.0
2100 475813.000   4007202.5503  -4306463.3097  -2458561.8997   1  12   0.0073   0.0070   0.0051  -0.0059   0.0047  -0.0039   0.01   14.1
2100 475814.000   4007202.5525  -4306463.3111  -2458561.9003   1  12   0.0073   0.0070   0.0051  -0.0059   0.0047  -0.0039   0.01   14.2
2100 475815.000   4007202.5561  -4306463.3147  -2458561.9041   1  12   0.0073   0.0070   0.0051  -0.0059   0.0047  -0.0039   0.01   14.3
2100 475816.000   4007202.5566  -4306463.3152  -2458561.9025   1  12   0.0073   0.0070   0.0051  -0.0059   0.0047  -0.0039   0.01   14.4
2100 475817.000   4007202.5535  -4306463.3124  -2458561.9002   1  12   0.0073   0.0070   0.0051  -0.0059   0.0047  -0.0039   0.01   14.5
2100 475818.000   4007202.5516  -4306463.3094  -2458561.8989   1  12   0.0073   0.0070   0.0051  -0.0059   0.0047  -0.0039   0.01   14.5
2100 475819.000   4007202.5548  -4306463.3104  -2458561.8994   1  12   0.0073   0.0070   0.0051  -0.0059   0.0047  -0.0039   0.01   14.5
2100 475820.000   4007202.5538  -4306463.3105  -2458561.9000   1  12   0.0073   0.0070   0.0051  -0.0059   0.0047  -0.0039   0.01   14.5
2100 475821.000   4007202.5547  -4306463.3148  -2458561.9011   1  12   0.0073   0.0070   0.0051  -0.0059   0.0047  -0.0039   0.01   14.7
2100 475822.000   4007202.5521  -4306463.3150  -2458561.9010   1  12   0.0073   0.0070   0.0051  -0.0059   0.0047  -0.0039   0.01   14.7
2100 475823.000   4007202.5561  -4306463.3193  -2458561.9006   1  12   0.0073   0.0070   0.0051  -0.0059   0.0047  -0.0039   0.01   14.8
2100 475824.000   4007202.5555  -4306463.3169  -2458561.9027   1  12   0.0073   0.0070   0.0051  -0.0059   0.0047  -0.0039   0.01   15.0
2100 475825.000   4007202.5545  -4306463.3160  -2458561.9028   1  12   0.0073   0.0070   0.0051  -0.0059   0.0047  -0.0039   0.01   15.2
2100 475826.000   4007202.5610  -4306463.3238  -2458561.9055   1  12   0.0073   0.0070   0.0051  -0.0059   0.0047  -0.0039   0.01   15.5
2100 475827.000   4007202.5563  -4306463.3232  -2458561.9024   1  12   0.0073   0.0070   0.0051  -0.0059   0.0047  -0.0039   0.01   15.7
2100 475828.000   4007202.5547  -4306463.3215  -2458561.9029   1  12   0.0073   0.0070   0.0051  -0.0059   0.0047  -0.0039   0.01   15.9
2100 475829.000   4007202.5566  -4306463.3236  -2458561.9054   1  12   0.0073   0.0070   0.0051  -0.0059   0.0047  -0.0039   0.01   16.2
2100 475830.000   4007202.5543  -4306463.3236  -2458561.9073   1  12   0.0073   0.0070   0.0051  -0.0059   0.0047  -0.0039   0.01   16.4
2100 475831.000   4007202.5555  -4306463.3219  -2458561.9054   1  12   0.0073   0.0070   0.0051  -0.0059   0.0047  -0.0039   0.01   16.6
2100 475832.000   4007202.5555  -4306463.3211  -2458561.9052   1  12   0.0073   0.0070   0.0051  -0.0059   0.0047  -0.0039   0.01   16.8
2100 475833.000   4007202.5536  -4306463.3210  -2458561.9063   1  12   0.0073   0.0070   0.0051  -0.0059   0.0047  -0.0039   0.01   17.0
2100 475834.000   4007202.5527  -4306463.3186  -2458561.9057   1  12   0.0073   0.0070   0.0051  -0.0059   0.0047  -0.0039   0.01   17.2
2100 475835.000   4007202.5530  -4306463.3188  -2458561.9055   1  12   0.0073   0.0070   0.0051  -0.0059   0.0047  -0.0039   0.01   17.3
2100 475836.000   4007202.5512  -4306463.3202  -2458561.9055   1  12   0.0073   0.0070   0.0051  -0.0059   0.0047  -0.0039   0.01   17.5
2100 475837.000   4007202.5545  -4306463.3216  -2458561.9051   1  12   0.0073   0.0070   0.0051  -0.0059   0.0047  -0.0039   0.01   17.6
2100 475838.000   4007202.5534  -4306463.3203  -2458561.9049   1  12   0.0073   0.0070   0.0051  -0.0059   0.0047  -0.0039   0.01   17.9
2100 475839.000   4007202.5531  -4306463.3235  -2458561.9061   1  12   0.0073   0.0070   0.0051  -0.0059   0.0047  -0.0039   0.01   18.1
2100 475840.000   4007202.5549  -4306463.3196  -2458561.9043   1  12   0.0073   0.0070   0.0051  -0.0059   0.0047  -0.0039   0.01   18.2
2100 475841.000   4007202.5534  -4306463.3246  -2458561.9048   1  12   0.0073   0.0070   0.0051  -0.0059   0.0047  -0.0039   0.01   18.4
2100 475842.000   4007202.5502  -4306463.3167  -2458561.9030   1  12   0.0073   0.0070   0.0051  -0.0059   0.0047  -0.0039   0.01   18.5
2100 475843.000   4007202.5524  -4306463.3187  -2458561.9021   1  12   0.0073   0.0070   0.0051  -0.0059   0.0047  -0.0039   0.01   18.6
2100 475844.000   4007202.5553  -4306463.3208  -2458561.9054   1  12   0.0073   0.0070   0.0051  -0.0059   0.0047  -0.0039   0.01   18.7
2100 475845.000   4007202.5514  -4306463.3157  -2458561.9032   1  12   0.0073   0.0070   0.0051  -0.0059   0.0047  -0.0039   0.01   18.9
2100 475846.000   4007202.5518  -4306463.3175  -2458561.9020   1  12   0.0073   0.0070   0.0051  -0.0059   0.0047  -0.0039   0.01   19.0
2100 475847.000   4007202.5507  -4306463.3169  -2458561.9037   1  12   0.0073   0.0070   0.0051  -0.0059   0.0047  -0.0039   0.01   19.1
2100 475848.000   4007202.5488  -4306463.3182  -2458561.9022   1  12   0.0073   0.0070   0.0051  -0.0059   0.0047  -0.0039   0.01   19.1
2100 475849.000   4007202.5481  -4306463.3201  -2458561.9033   1  12   0.0073   0.0070   0.0051  -0.0059   0.0047  -0.0039   0.01   19.2
2100 475850.000   4007202.5482  -4306463.3183  -2458561.9022   1  12   0.0073   0.0070   0.0051  -0.0059   0.0047  -0.0039   0.01   19.3
2100 475851.000   4007202.5484  -4306463.3210  -2458561.9040   1  12   0.0073   0.0070   0.0051  -0.0059   0.0047  -0.0039   0.01   19.5
2100 475852.000   4007202.5477  -4306463.3248  -2458561.9066   1  12   0.0073   0.0070   0.0051  -0.0059   0.0047  -0.0039   0.01   19.5
2100 475853.000   4007202.5489  -4306463.3202  -2458561.9034   1  12   0.0073   0.0070   0.0051  -0.0059   0.0047  -0.0039   0.01   19.5
2100 475854.000   4007202.5473  -4306463.3187  -2458561.9033   1  12   0.0073   0.0070   0.0051  -0.0059   0.0047  -0.0039   0.01   19.6
2100 475855.000   4007202.5483  -4306463.3206  -2458561.9043   1  12   0.0073   0.0070   0.0051  -0.0060   0.0047  -0.0039   0.01   19.7
2100 475856.000   4007202.5471  -4306463.3199  -2458561.9028   1  12   0.0073   0.0071   0.0051  -0.0060   0.0047  -0.0039   0.01   19.7
2100 475857.000   4007202.5519  -4306463.3241  -2458561.9045   1  12   0.0073   0.0071   0.0051  -0.0060   0.0047  -0.0039   0.01   19.8
2100 475858.000   4007202.5529  -4306463.3228  -2458561.9060   1  12   0.0073   0.0071   0.0051  -0.0060   0.0047  -0.0039   0.01   19.9
2100 475859.000   4007202.5500  -4306463.3244  -2458561.9036   1  12   0.0073   0.0071   0.0051  -0.0060   0.0047  -0.0039   0.01   20.0
2100 475860.000   4007202.5519  -4306463.3231  -2458561.9028   1  12   0.0073   0.0071   0.0051  -0.0060   0.0047  -0.0039   0.01   20.1
2100 475861.000   4007202.5499  -4306463.3224  -2458561.9036   1  12   0.0073   0.0071   0.0051  -0.0060   0.0047  -0.0039   0.01   20.1
2100 475862.000   4007202.5510  -4306463.3240  -2458561.9035   1  12   0.0073   0.0071   0.0051  -0.0060   0.0047  -0.0039   0.01   20.2
2100 475863.000   4007202.5525  -4306463.3259  -2458561.9063   1  12   0.0073   0.0071   0.0051  -0.0060   0.0047  -0.0039   0.01   20.3
2100 475864.000   4007202.5532  -4306463.3273  -2458561.9059   1  12   0.0073   0.0071   0.0051  -0.0060   0.0047  -0.0040   0.01   20.5
2100 475865.000   4007202.5503  -4306463.3242  -2458561.9028   1  12   0.0073   0.0071   0.0051  -0.0060   0.0047  -0.0040   0.01   20.6
2100 475866.000   4007202.5541  -4306463.3230  -2458561.9037   1  12   0.0073   0.0071   0.0051  -0.0060   0.0047  -0.0040   0.01   20.7
2100 475867.000   4007202.5520  -4306463.3240  -2458561.9035   1  12   0.0073   0.0071   0.0051  -0.0060   0.0047  -0.0040   0.01   20.9
2100 475868.000   4007202.5513  -4306463.3238  -2458561.9061   1  12   0.0073   0.0071   0.0051  -0.0060   0.0047  -0.0040   0.01   21.0
2100 475869.000   4007202.5493  -4306463.3220  -2458561.9047   1  12   0.0073   0.0071   0.0051  -0.0060   0.0047  -0.0040   0.01   21.1
2100 475870.000   4007202.5521  -4306463.3217  -2458561.9027   1  12   0.0073   0.0071   0.0051  -0.0060   0.0047  -0.0040   0.01   21.2
2100 475871.000   4007202.5542  -4306463.3197  -2458561.9045   1  12   0.0073   0.0071   0.0051  -0.0060   0.0047  -0.0040   0.01   21.3
2100 475872.000   4007202.5512  -4306463.3195  -2458561.9038   1  12   0.0073   0.0071   0.0051  -0.0060   0.0047  -0.0040   0.01   21.4
2100 475873.000   4007202.5495  -4306463.3187  -2458561.9022   1  12   0.0073   0.0071   0.0051  -0.0060   0.0047  -0.0040   0.01   21.5
2100 475874.000   4007202.5484  -4306463.3195  -2458561.9020   1  12   0.0073   0.0071   0.0051  -0.0060   0.0047  -0.0040   0.01   21.5
2100 475875.000   4007202.5470  -4306463.3202  -2458561.9022   1  12   0.0073   0.0071   0.0051  -0.0060   0.0047  -0.0040   0.01   21.4
2100 475876.000   4007202.5516  -4306463.3233  -2458561.9028   1  12   0.0073   0.0071   0.0051  -0.0060   0.0047  -0.0040   0.01   21.4
2100 475877.000   4007202.5501  -4306463.3241  -2458561.9044   1  12   0.0073   0.0071   0.0051  -0.0060   0.0047  -0.0040   0.01   21.4
2100 475878.000   4007202.5545  -4306463.3248  -2458561.9046   1  12   0.0073   0.0071   0.0051  -0.0060   0.0047  -0.0040   0.01   21.4
2100 475879.000   4007202.5556  -4306463.3224  -2458561.9031   1  12   0.0073   0.0071   0.0051  -0.0060   0.0047  -0.0040   0.01   21.3
2100 475880.000   4007202.5578  -4306463.3246  -2458561.9044   1  12   0.0073   0.0071   0.0051  -0.0060   0.0047  -0.0040   0.01   21.3
2100 475881.000   4007202.5566  -4306463.3241  -2458561.9043   1  12   0.0073   0.0071   0.0051  -0.0060   0.0047  -0.0040   0.01   21.3
2100 475882.000   4007202.5576  -4306463.3246  -2458561.9049   1  12   0.0073   0.0071   0.0051  -0.0060   0.0047  -0.0040   0.01   21.3
2100 475883.000   4007202.5581  -4306463.3243  -2458561.9053   1  12   0.0073   0.0071   0.0051  -0.0060   0.0047  -0.0040   0.01   21.2
2100 475884.000   4007202.5567  -4306463.3271  -2458561.9072   1  12   0.0073   0.0071   0.0051  -0.0060   0.0047  -0.0040   0.01   21.2
2100 475885.000   4007202.5580  -4306463.3256  -2458561.9059   1  12   0.0073   0.0071   0.0051  -0.0060   0.0047  -0.0040   0.01   21.2
2100 475886.000   4007202.5603  -4306463.3256  -2458561.9062   1  12   0.0073   0.0071   0.0051  -0.0060   0.0047  -0.0040   0.01   21.2
2100 475887.000   4007202.5591  -4306463.3251  -2458561.9060   1  12   0.0073   0.0071   0.0051  -0.0060   0.0047  -0.0040   0.01   21.1
2100 475888.000   4007202.5585  -4306463.3240  -2458561.9065   1  12   0.0073   0.0071   0.0051  -0.0060   0.0047  -0.0040   0.01   21.1
2100 475889.000   4007202.5620  -4306463.3242  -2458561.9056   1  12   0.0073   0.0071   0.0051  -0.0060   0.0047  -0.0040   0.01   21.2
2100 475890.000   4007202.5579  -4306463.3252  -2458561.9047   1  12   0.0073   0.0071   0.0051  -0.0060   0.0047  -0.0040   0.01   21.2
2100 475891.000   4007202.5552  -4306463.3255  -2458561.9041   1  12   0.0073   0.0071   0.0051  -0.0060   0.0047  -0.0040   0.01   21.2
2100 475892.000   4007202.5585  -4306463.3254  -2458561.9079   1  12   0.0073   0.0071   0.0051  -0.0060   0.0047  -0.0040   0.01   21.1
2100 475893.000   4007202.5585  -4306463.3276  -2458561.9090   1  12   0.0073   0.0071   0.0051  -0.0060   0.0047  -0.0040   0.01   21.1
2100 475894.000   4007202.5578  -4306463.3245  -2458561.9053   1  12   0.0073   0.0071   0.0051  -0.0060   0.0047  -0.0040   0.01   21.0
2100 475895.000   4007202.5465  -4306463.3186  -2458561.9001   1  12   0.0073   0.0071   0.0050  -0.0060   0.0047  -0.0040   0.01   20.9
2100 475896.000   4007202.5509  -4306463.3203  -2458561.9023   1  12   0.0073   0.0071   0.0050  -0.0060   0.0047  -0.0040   0.01   20.9
2100 475897.000   4007202.5522  -4306463.3205  -2458561.9042   1  12   0.0073   0.0071   0.0050  -0.0060   0.0047  -0.0040   0.01   20.8
2100 475898.000   4007202.5508  -4306463.3190  -2458561.8999   1  12   0.0073   0.0071   0.0050  -0.0060   0.0047  -0.0040   0.01   20.8
2100 475899.000   4007202.5526  -4306463.3208  -2458561.9024   1  12   0.0073   0.0071   0.0050  -0.0060   0.0047  -0.0040   0.01   20.8
2100 475900.000   4007202.5498  -4306463.3186  -2458561.9005   1  12   0.0073   0.0071   0.0050  -0.0060   0.0047  -0.0040   0.01   20.7
2100 475901.000   4007202.5531  -4306463.3204  -2458561.8992   1  12   0.0073   0.0071   0.0050  -0.0060   0.0047  -0.0040   0.01   20.6
2100 475902.000   4007202.5510  -4306463.3153  -2458561.8966   1  12   0.0074   0.0071   0.0050  -0.0060   0.0047  -0.0040   0.01   20.6
2100 475903.000   4007202.5488  -4306463.3166  -2458561.8978   1  12   0.0074   0.0071   0.0050  -0.0060   0.0047  -0.0040   0.01   20.5
2100 475904.000   4007202.5495  -4306463.3176  -2458561.8977   1  12   0.0074   0.0071   0.0050  -0.0060   0.0047  -0.0040   0.01   20.4
2100 475905.000   4007202.5516  -4306463.3191  -2458561.9010   1  12   0.0074   0.0071   0.0050  -0.0060   0.0047  -0.0040   0.01   20.4
2100 475906.000   4007202.5504  -4306463.3200  -2458561.9016   1  12   0.0074   0.0071   0.0050  -0.0060   0.0047  -0.0040   0.01   20.3
2100 475907.000   4007202.5525  -4306463.3217  -2458561.9026   1  12   0.0074   0.0071   0.0050  -0.0060   0.0047  -0.0040   0.01   20.3
2100 475908.000   4007202.5520  -4306463.3214  -2458561.9040   1  12   0.0074   0.0071   0.0050  -0.0060   0.0047  -0.0040   0.01   20.2
2100 475909.000   4007202.5489  -4306463.3182  -2458561.9021   1  12   0.0074   0.0071   0.0050  -0.0060   0.0047  -0.0040   0.01   20.2
2100 475910.000   4007202.5507  -4306463.3186  -2458561.8998   1  12   0.0074   0.0071   0.0050  -0.0060   0.0047  -0.0040   0.01   20.1
2100 475911.000   4007202.5505  -4306463.3205  -2458561.9020   1  12   0.0074   0.0071   0.0050  -0.0060   0.0047  -0.0040   0.01   20.0
2100 475912.000   4007202.5531  -4306463.3206  -2458561.9016   1  12   0.0074   0.0071   0.0050  -0.0060   0.0047  -0.0040   0.01   20.0
2100 475913.000   4007202.5507  -4306463.3226  -2458561.9011   1  12   0.0074   0.0071   0.0050  -0.0060   0.0047  -0.0040   0.01   19.9
2100 475914.000   4007202.5528  -4306463.3193  -2458561.9024   1  12   0.0074   0.0071   0.0050  -0.0060   0.0047  -0.0040   0.01   19.9
2100 475915.000   4007202.5572  -4306463.3222  -2458561.9056   1  12   0.0074   0.0071   0.0050  -0.0060   0.0047  -0.0040   0.01   19.9
2100 475916.000   4007202.5534  -4306463.3185  -2458561.9020   1  12   0.0074   0.0071   0.0050  -0.0060   0.0047  -0.0040   0.01   19.8
2100 475917.000   4007202.5561  -4306463.3239  -2458561.9053   1  12   0.0074   0.0071   0.0050  -0.0060   0.0047  -0.0040   0.01   19.8
2100 475918.000   4007202.5530  -4306463.3246  -2458561.9045   1  12   0.0074   0.0071   0.0050  -0.0060   0.0047  -0.0040   0.01   19.8
2100 475919.000   4007202.5547  -4306463.3203  -2458561.9044   1  12   0.0074   0.0071   0.0050  -0.0060   0.0047  -0.0040   0.01   19.8
2100 475920.000   4007202.5553  -4306463.3213  -2458561.9048   1  12   0.0074   0.0071   0.0050  -0.0060   0.0047  -0.0040   0.01   19.7
2100 475921.000   4007202.5582  -4306463.3241  -2458561.9034   1  12   0.0074   0.0071   0.0050  -0.0060   0.0047  -0.0040   0.01   19.6
2100 475922.000   4007202.5589  -4306463.3320  -2458561.9084   1  12   0.0074   0.0071   0.0050  -0.0060   0.0047  -0.0040   0.01   19.6
2100 475923.000   4007202.5572  -4306463.3329  -2458561.9080   1  12   0.0074   0.0071   0.0050  -0.0060   0.0047  -0.0040   0.01   19.6
2100 475924.000   4007202.5572  -4306463.3289  -2458561.9061   1  12   0.0074   0.0071   0.0050  -0.0060   0.0047  -0.0040   0.01   19.6
2100 475925.000   4007202.5555  -4306463.3294  -2458561.9064   1  12   0.0074   0.0071   0.0050  -0.0060   0.0047  -0.0040   0.01   19.6
2100 475926.000   4007202.5577  -4306463.3310  -2458561.9049   1  12   0.0074   0.0071   0.0050  -0.0060   0.0047  -0.0040   0.01   19.6
2100 475927.000   4007202.5580  -4306463.3268  -2458561.9039   1  12   0.0074   0.0071   0.0050  -0.0060   0.0047  -0.0040   0.01   19.5
2100 475928.000   4007202.5559  -4306463.3259  -2458561.9035   1  12   0.0074   0.0071   0.0050  -0.0060   0.0047  -0.0040   0.01   19.5
2100 475929.000   4007202.5562  -4306463.3265  -2458561.9032   1  12   0.0074   0.0071   0.0050  -0.0060   0.0047  -0.0040   0.01   19.5
2100 475930.000   4007202.5597  -4306463.3302  -2458561.9068   1  12   0.0074   0.0071   0.0050  -0.0060   0.0047  -0.0040   0.01   19.4
2100 475931.000   4007202.5594  -4306463.3324  -2458561.9064   1  12   0.0074   0.0071   0.0050  -0.0060   0.0047  -0.0040   0.01   19.4
2100 475932.000   4007202.5602  -4306463.3311  -2458561.9068   1  12   0.0074   0.0071   0.0050  -0.0060   0.0047  -0.0040   0.01   19.4
2100 475933.000   4007202.5569  -4306463.3317  -2458561.9045   1  12   0.0074   0.0071   0.0050  -0.0060   0.0047  -0.0040   0.01   19.4
2100 475934.000   4007202.5601  -4306463.3369  -2458561.9071   1  12   0.0074   0.0071   0.0050  -0.0060   0.0047  -0.0040   0.01   19.5
2100 475935.000   4007202.5584  -4306463.3314  -2458561.9074   1  12   0.0074   0.0071   0.0050  -0.0060   0.0047  -0.0040   0.01   19.5
2100 475936.000   4007202.5590  -4306463.3297  -2458561.9105   1  11   0.0074   0.0082   0.0053  -0.0063   0.0053  -0.0042   0.01   29.6
2100 475937.000   4007202.5563  -4306463.3289  -2458561.9060   1  11   0.0074   0.0082   0.0053  -0.0063   0.0053  -0.0042   0.01   29.5
2100 475938.000   4007202.5581  -4306463.3243  -2458561.9040   1  12   0.0074   0.0071   0.0050  -0.0060   0.0047  -0.0040   0.01   19.4
2100 475939.000   4007202.5611  -4306463.3267  -2458561.9022   1  12   0.0074   0.0071   0.0050  -0.0060   0.0047  -0.0040   0.01   19.4
2100 475940.000   4007202.5576  -4306463.3263  -2458561.9052   1  12   0.0074   0.0071   0.0050  -0.0060   0.0047  -0.0040   0.01   19.4
2100 475941.000   4007202.5539  -4306463.3226  -2458561.9003   1  12   0.0074   0.0071   0.0050  -0.0060   0.0047  -0.0040   0.01   19.4
2100 475942.000   4007202.5519  -4306463.3228  -2458561.8995   1  12   0.0074   0.0071   0.0050  -0.0060   0.0047  -0.0040   0.01   19.3
2100 475943.000   4007202.5557  -4306463.3219  -2458561.9016   1  12   0.0074   0.0071   0.0050  -0.0060   0.0047  -0.0040   0.01   19.3
2100 475944.000   4007202.5590  -4306463.3247  -2458561.9034   1  12   0.0074   0.0071   0.0050  -0.0060   0.0047  -0.0040   0.01   19.3
2100 475945.000   4007202.5607  -4306463.3270  -2458561.9056   1  12   0.0074   0.0071   0.0050  -0.0060   0.0047  -0.0040   0.01   19.3
2100 475946.000   4007202.5567  -4306463.3241  -2458561.9014   1  12   0.0074   0.0071   0.0050  -0.0060   0.0047  -0.0040   0.01   19.3
2100 475947.000   4007202.5568  -4306463.3184  -2458561.9023   1  12   0.0074   0.0071   0.0050  -0.0060   0.0047  -0.0040   0.01   19.3
2100 475948.000   4007202.5559  -4306463.3253  -2458561.9022   1  12   0.0074   0.0071   0.0050  -0.0060   0.0047  -0.0040   0.01   19.2
2100 475949.000   4007202.5598  -4306463.3249  -2458561.9039   1  12   0.0074   0.0071   0.0050  -0.0060   0.0047  -0.0040   0.01   19.2
2100 475950.000   4007202.5597  -4306463.3272  -2458561.9057   1  12   0.0074   0.0071   0.0050  -0.0060   0.0047  -0.0040   0.01   19.2
2100 475951.000   4007202.5596  -4306463.3257  -2458561.9045   1  12   0.0074   0.0071   0.0050  -0.0060   0.0047  -0.0040   0.01   19.1
2100 475952.000   4007202.5561  -4306463.3265  -2458561.9046   1  12   0.0074   0.0071   0.0050  -0.0060   0.0047  -0.0040   0.01   19.1
2100 475953.000   4007202.5580  -4306463.3286  -2458561.9071   1  12   0.0074   0.0071   0.0050  -0.0060   0.0047  -0.0040   0.01   19.1
2100 475954.000   4007202.5577  -4306463.3244  -2458561.9047   1  12   0.0074   0.0071   0.0050  -0.0060   0.0047  -0.0040   0.01   19.0
2100 475955.000   4007202.5557  -4306463.3257  -2458561.9053   1  12   0.0074   0.0071   0.0050  -0.0060   0.0047  -0.0040   0.01   19.0
2100 475956.000   4007202.5605  -4306463.3292  -2458561.9061   1  12   0.0074   0.0071   0.0050  -0.0060   0.0047  -0.0040   0.01   18.9
2100 475957.000   4007202.5588  -4306463.3285  -2458561.9078   1  12   0.0074   0.0071   0.0050  -0.0060   0.0047  -0.0040   0.01   18.9
2100 475958.000   4007202.5604  -4306463.3263  -2458561.9067   1  12   0.0074   0.0071   0.0050  -0.0060   0.0047  -0.0040   0.01   18.8
2100 475959.000   4007202.5560  -4306463.3240  -2458561.9051   1  12   0.0074   0.0071   0.0050  -0.0060   0.0047  -0.0040   0.01   18.7
2100 475960.000   4007202.5590  -4306463.3286  -2458561.9076   1  12   0.0074   0.0071   0.0050  -0.0060   0.0047  -0.0040   0.01   18.7
2100 475961.000   4007202.5569  -4306463.3252  -2458561.9051   1  12   0.0074   0.0071   0.0050  -0.0060   0.0047  -0.0040   0.01   18.6
2100 475962.000   4007202.5579  -4306463.3275  -2458561.9066   1  12   0.0074   0.0071   0.0050  -0.0060   0.0047  -0.0040   0.01   18.6
2100 475963.000   4007202.5561  -4306463.3255  -2458561.9044   1  12   0.0074   0.0071   0.0050  -0.0060   0.0047  -0.0040   0.01   18.5
2100 475964.000   4007202.5594  -4306463.3294  -2458561.9093   1  12   0.0074   0.0071   0.0050  -0.0060   0.0047  -0.0040   0.01   18.5
2100 475965.000   4007202.5535  -4306463.3261  -2458561.9060   1  12   0.0074   0.0071   0.0050  -0.0060   0.0047  -0.0040   0.01   18.4
2100 475966.000   4007202.5569  -4306463.3270  -2458561.9067   1  12   0.0074   0.0071   0.0050  -0.0060   0.0047  -0.0040   0.01   18.4
2100 475967.000   4007202.5554  -4306463.3249  -2458561.9072   1  12   0.0074   0.0071   0.0050  -0.0060   0.0047  -0.0040   0.01   18.4
2100 475968.000   4007202.5546  -4306463.3241  -2458561.9076   1  12   0.0074   0.0071   0.0050  -0.0060   0.0047  -0.0040   0.01   18.4
2100 475969.000   4007202.5565  -4306463.3260  -2458561.9091   1  12   0.0074   0.0071   0.0050  -0.0060   0.0047  -0.0040   0.01   18.4
2100 475970.000   4007202.5573  -4306463.3249  -2458561.9077   1  12   0.0074   0.0071   0.0050  -0.0060   0.0047  -0.0040   0.01   18.3
2100 475971.000   4007202.5578  -4306463.3275  -2458561.9090   1  12   0.0074   0.0071   0.0050  -0.0060   0.0047  -0.0040   0.01   18.3
2100 475972.000   4007202.5582  -4306463.3249  -2458561.9073   1  12   0.0074   0.0071   0.0050  -0.0060   0.0047  -0.0040   0.01   18.3
2100 475973.000   4007202.5567  -4306463.3257  -2458561.9077   1  12   0.0074   0.0071   0.0050  -0.0060   0.0047  -0.0040   0.01   18.2
2100 475974.000   4007202.5580  -4306463.3221  -2458561.9090   1  12   0.0074   0.0071   0.0050  -0.0060   0.0047  -0.0040   0.01   18.2
2100 475975.000   4007202.5584  -4306463.3211  -2458561.9085   1  12   0.0074   0.0071   0.0050  -0.0060   0.0047  -0.0040   0.01   18.2
2100 475976.000   4007202.5567  -4306463.3217  -2458561.9064   1  12   0.0074   0.0071   0.0050  -0.0060   0.0047  -0.0040   0.01   18.2
2100 475977.000   4007202.5611  -4306463.3269  -2458561.9092   1  12   0.0074   0.0071   0.0050  -0.0060   0.0047  -0.0040   0.01   18.2
2100 475978.000   4007202.5615  -4306463.3242  -2458561.9079   1  12   0.0074   0.0071   0.0050  -0.0060   0.0047  -0.0040   0.01   18.2
2100 475979.000   4007202.5617  -4306463.3252  -2458561.9084   1  12   0.0074   0.0071   0.0050  -0.0060   0.0047  -0.0040   0.01   18.2
2100 475980.000   4007202.5617  -4306463.3269  -2458561.9108   1  12   0.0074   0.0071   0.0050  -0.0060   0.0047  -0.0040   0.01   18.2
2100 475981.000   4007202.5572  -4306463.3265  -2458561.9075   1  12   0.0074   0.0071   0.0050  -0.0060   0.0047  -0.0040   0.01   18.2
2100 475982.000   4007202.5615  -4306463.3247  -2458561.9093   1  12   0.0074   0.0071   0.0050  -0.0060   0.0047  -0.0040   0.01   18.1
2100 475983.000   4007202.5578  -4306463.3249  -2458561.9087   1  12   0.0074   0.0071   0.0050  -0.0060   0.0047  -0.0040   0.01   18.1
2100 475984.000   4007202.5588  -4306463.3282  -2458561.9084   1  12   0.0074   0.0071   0.0050  -0.0060   0.0047  -0.0040   0.01   18.0
2100 475985.000   4007202.5645  -4306463.3327  -2458561.9133   1  12   0.0074   0.0071   0.0050  -0.0060   0.0047  -0.0040   0.01   18.0
2100 475986.000   4007202.5668  -4306463.3310  -2458561.9137   1  12   0.0074   0.0071   0.0050  -0.0060   0.0047  -0.0040   0.01   18.0
2100 475987.000   4007202.5629  -4306463.3308  -2458561.9128   1  12   0.0074   0.0071   0.0050  -0.0060   0.0047  -0.0040   0.01   17.9
2100 475988.000   4007202.5619  -4306463.3225  -2458561.9091   1  12   0.0074   0.0071   0.0050  -0.0060   0.0047  -0.0040   0.01   17.9
2100 475989.000   4007202.5646  -4306463.3229  -2458561.9092   1  12   0.0074   0.0071   0.0050  -0.0060   0.0047  -0.0040   0.01   17.9
2100 475990.000   4007202.5633  -4306463.3272  -2458561.9100   1  12   0.0074   0.0071   0.0050  -0.0060   0.0047  -0.0040   0.01   17.8
2100 475991.000   4007202.5626  -4306463.3237  -2458561.9095   1  12   0.0074   0.0071   0.0050  -0.0060   0.0047  -0.0040   0.01   17.8
2100 475992.000   4007202.5616  -4306463.3271  -2458561.9094   1  12   0.0074   0.0071   0.0050  -0.0060   0.0047  -0.0040   0.01   17.7
2100 475993.000   4007202.5596  -4306463.3254  -2458561.9070   1  12   0.0074   0.0071   0.0050  -0.0060   0.0047  -0.0040   0.01   17.7
2100 475994.000   4007202.5628  -4306463.3243  -2458561.9080   1  12   0.0074   0.0071   0.0050  -0.0060   0.0047  -0.0040   0.01   17.6
2100 475995.000   4007202.5617  -4306463.3223  -2458561.9077   1  12   0.0074   0.0071   0.0050  -0.0060   0.0047  -0.0040   0.01   17.6
2100 475996.000   4007202.5595  -4306463.3269  -2458561.9092   1  12   0.0074   0.0071   0.0050  -0.0060   0.0047  -0.0040   0.01   17.5
2100 475997.000   4007202.5558  -4306463.3240  -2458561.9087   1  12   0.0074   0.0071   0.0050  -0.0060   0.0047  -0.0040   0.01   17.5
2100 475998.000   4007202.5548  -4306463.3229  -2458561.9084   1  12   0.0074   0.0071   0.0050  -0.0060   0.0047  -0.0040   0.01   17.5
2100 475999.000   4007202.5608  -4306463.3249  -2458561.9081   1  12   0.0074   0.0071   0.0050  -0.0060   0.0047  -0.0040   0.01   17.4
2100 476000.000   4007202.5566  -4306463.3224  -2458561.9047   1  12   0.0074   0.0071   0.0050  -0.0060   0.0047  -0.0040   0.01   17.4
2100 476001.000   4007202.5554  -4306463.3249  -2458561.9069   1  12   0.0074   0.0071   0.0050  -0.0060   0.0047  -0.0040   0.01   17.3
2100 476002.000   4007202.5556  -4306463.3264  -2458561.9074   1  12   0.0074   0.0071   0.0050  -0.0060   0.0047  -0.0040   0.01   17.3
2100 476003.000   4007202.5558  -4306463.3232  -2458561.9058   1  12   0.0074   0.0071   0.0050  -0.0061   0.0047  -0.0040   0.01   17.2
2100 476004.000   4007202.5570  -4306463.3248  -2458561.9062   1  12   0.0074   0.0071   0.0050  -0.0061   0.0047  -0.0040   0.01   17.2
2100 476005.000   4007202.5550  -4306463.3257  -2458561.9083   1  12   0.0074   0.0071   0.0050  -0.0061   0.0047  -0.0040   0.01   17.1
2100 476006.000   4007202.5576  -4306463.3251  -2458561.9075   1  12   0.0074   0.0071   0.0050  -0.0061   0.0047  -0.0040   0.01   17.1
2100 476007.000   4007202.5554  -4306463.3211  -2458561.9073   1  12   0.0074   0.0071   0.0050  -0.0061   0.0047  -0.0040   0.01   17.1
2100 476008.000   4007202.5544  -4306463.3176  -2458561.9075   1  12   0.0074   0.0071   0.0050  -0.0061   0.0047  -0.0040   0.01   17.0
2100 476009.000   4007202.5588  -4306463.3225  -2458561.9101   1  12   0.0074   0.0071   0.0050  -0.0061   0.0047  -0.0040   0.01   17.0
2100 476010.000   4007202.5597  -4306463.3262  -2458561.9099   1  12   0.0074   0.0071   0.0050  -0.0061   0.0047  -0.0040   0.01   16.9
2100 476011.000   4007202.5601  -4306463.3278  -2458561.9098   1  12   0.0074   0.0071   0.0050  -0.0061   0.0047  -0.0040   0.01   16.9
2100 476012.000   4007202.5561  -4306463.3255  -2458561.9087   1  12   0.0074   0.0071   0.0050  -0.0061   0.0047  -0.0040   0.01   16.8
2100 476013.000   4007202.5597  -4306463.3245  -2458561.9075   1  12   0.0074   0.0071   0.0050  -0.0061   0.0047  -0.0040   0.01   16.7
2100 476014.000   4007202.5577  -4306463.3256  -2458561.9093   1  12   0.0074   0.0071   0.0050  -0.0061   0.0047  -0.0040   0.01   16.6
2100 476015.000   4007202.5598  -4306463.3251  -2458561.9105   1  12   0.0074   0.0071   0.0050  -0.0061   0.0047  -0.0040   0.01   16.6
2100 476016.000   4007202.5607  -4306463.3268  -2458561.9102   1  12   0.0074   0.0071   0.0050  -0.0061   0.0047  -0.0040   0.01   16.5
2100 476017.000   4007202.5618  -4306463.3278  -2458561.9120   1  12   0.0074   0.0071   0.0050  -0.0061   0.0047  -0.0040   0.01   16.4
2100 476018.000   4007202.5618  -4306463.3290  -2458561.9112   1  12   0.0074   0.0071   0.0050  -0.0061   0.0047  -0.0040   0.01   16.3
2100 476019.000   4007202.5595  -4306463.3270  -2458561.9089   1  12   0.0074   0.0071   0.0050  -0.0061   0.0047  -0.0040   0.01   16.3
2100 476020.000   4007202.5607  -4306463.3259  -2458561.9107   1  12   0.0074   0.0071   0.0050  -0.0061   0.0047  -0.0040   0.01   16.2
2100 476021.000   4007202.5638  -4306463.3294  -2458561.9110   1  12   0.0074   0.0071   0.0050  -0.0061   0.0047  -0.0041   0.01   16.1
2100 476022.000   4007202.5631  -4306463.3243  -2458561.9083   1  12   0.0074   0.0071   0.0050  -0.0061   0.0047  -0.0041   0.01   16.0
2100 476023.000   4007202.5651  -4306463.3288  -2458561.9112   1  12   0.0074   0.0071   0.0050  -0.0061   0.0047  -0.0041   0.01   16.0
2100 476024.000   4007202.5618  -4306463.3289  -2458561.9105   1  12   0.0074   0.0071   0.0050  -0.0061   0.0047  -0.0041   0.01   15.9
2100 476025.000   4007202.5642  -4306463.3309  -2458561.9125   1  12   0.0074   0.0071   0.0050  -0.0061   0.0047  -0.0041   0.01   15.9
2100 476026.000   4007202.5633  -4306463.3271  -2458561.9097   1  12   0.0074   0.0071   0.0050  -0.0061   0.0047  -0.0041   0.01   15.8
2100 476027.000   4007202.5600  -4306463.3258  -2458561.9107   1  12   0.0074   0.0071   0.0050  -0.0061   0.0047  -0.0041   0.01   15.8
2100 476028.000   4007202.5608  -4306463.3234  -2458561.9096   1  12   0.0074   0.0071   0.0050  -0.0061   0.0047  -0.0041   0.01   15.7
2100 476029.000   4007202.5602  -4306463.3277  -2458561.9096   1  12   0.0074   0.0071   0.0050  -0.0061   0.0047  -0.0041   0.01   15.7
2100 476030.000   4007202.5614  -4306463.3285  -2458561.9104   1  12   0.0074   0.0071   0.0050  -0.0061   0.0047  -0.0041   0.01   15.6
2100 476031.000   4007202.5631  -4306463.3287  -2458561.9091   1  12   0.0074   0.0071   0.0050  -0.0061   0.0047  -0.0041   0.01   15.6
2100 476032.000   4007202.5633  -4306463.3247  -2458561.9103   1  12   0.0074   0.0071   0.0050  -0.0061   0.0047  -0.0041   0.01   15.5
2100 476033.000   4007202.5632  -4306463.3242  -2458561.9100   1  12   0.0074   0.0071   0.0050  -0.0061   0.0047  -0.0041   0.01   15.5
2100 476034.000   4007202.5627  -4306463.3283  -2458561.9088   1  12   0.0074   0.0071   0.0050  -0.0061   0.0047  -0.0041   0.01   15.4
2100 476035.000   4007202.5600  -4306463.3257  -2458561.9098   1  12   0.0074   0.0071   0.0050  -0.0061   0.0047  -0.0041   0.01   15.4
2100 476036.000   4007202.5609  -4306463.3282  -2458561.9127   1  12   0.0074   0.0071   0.0050  -0.0061   0.0047  -0.0041   0.01   15.4
2100 476037.000   4007202.5607  -4306463.3260  -2458561.9099   1  12   0.0074   0.0071   0.0050  -0.0061   0.0047  -0.0041   0.01   15.3
2100 476038.000   4007202.5599  -4306463.3271  -2458561.9090   1  12   0.0074   0.0071   0.0050  -0.0061   0.0047  -0.0041   0.01   15.3
2100 476039.000   4007202.5622  -4306463.3281  -2458561.9104   1  12   0.0074   0.0071   0.0050  -0.0061   0.0047  -0.0041   0.01   15.3
2100 476040.000   4007202.5554  -4306463.3226  -2458561.9068   1  12   0.0074   0.0071   0.0050  -0.0061   0.0047  -0.0041   0.01   15.3
2100 476041.000   4007202.5585  -4306463.3241  -2458561.9082   1  12   0.0074   0.0071   0.0050  -0.0061   0.0047  -0.0041   0.01   15.2
2100 476042.000   4007202.5532  -4306463.3242  -2458561.9063   1  12   0.0074   0.0071   0.0050  -0.0061   0.0047  -0.0041   0.01   15.3
2100 476043.000   4007202.5566  -4306463.3300  -2458561.9073   1  11   0.0075   0.0082   0.0053  -0.0064   0.0054  -0.0042   0.01   21.9
2100 476044.000   4007202.5538  -4306463.3265  -2458561.9056   1  11   0.0075   0.0082   0.0053  -0.0064   0.0054  -0.0042   0.01   21.8
2100 476045.000   4007202.5518  -4306463.3223  -2458561.9051   1  12   0.0074   0.0072   0.0051  -0.0061   0.0048  -0.0041   0.01   15.2
2100 476046.000   4007202.5508  -4306463.3258  -2458561.9043   1  12   0.0074   0.0072   0.0051  -0.0061   0.0048  -0.0041   0.01   15.2
2100 476047.000   4007202.5493  -4306463.3228  -2458561.9045   1  12   0.0074   0.0073   0.0051  -0.0061   0.0048  -0.0041   0.01   15.2
2100 476048.000   4007202.5545  -4306463.3259  -2458561.9052   1  11   0.0075   0.0082   0.0053  -0.0064   0.0054  -0.0042   0.01   21.7
2100 476049.000   4007202.5491  -4306463.3235  -2458561.9073   1  11   0.0075   0.0082   0.0053  -0.0064   0.0054  -0.0042   0.01   21.7
2100 476050.000   4007202.5503  -4306463.3241  -2458561.9056   1  12   0.0074   0.0073   0.0051  -0.0061   0.0048  -0.0041   0.01   15.2
2100 476051.000   4007202.5517  -4306463.3257  -2458561.9085   1  12   0.0075   0.0074   0.0051  -0.0062   0.0049  -0.0041   0.01   15.2
2100 476052.000   4007202.5489  -4306463.3207  -2458561.9060   1  12   0.0075   0.0076   0.0051  -0.0062   0.0050  -0.0041   0.01   15.2
2100 476053.000   4007202.5522  -4306463.3244  -2458561.9085   1  12   0.0075   0.0082   0.0053  -0.0064   0.0054  -0.0042   0.01   21.6
2100 476054.000   4007202.5504  -4306463.3256  -2458561.9106   1  11   0.0075   0.0082   0.0053  -0.0064   0.0054  -0.0042   0.01   21.6
2100 476055.000   4007202.5544  -4306463.3246  -2458561.9101   1  11   0.0075   0.0082   0.0053  -0.0064   0.0054  -0.0042   0.01   21.6
2100 476056.000   4007202.5490  -4306463.3280  -2458561.9118   1  11   0.0075   0.0082   0.0053  -0.0064   0.0054  -0.0042   0.01   21.6
2100 476057.000   4007202.5515  -4306463.3278  -2458561.9122   1  11   0.0075   0.0082   0.0053  -0.0064   0.0054  -0.0042   0.01   21.6
2100 476058.000   4007202.5539  -4306463.3270  -2458561.9105   1  11   0.0075   0.0082   0.0053  -0.0064   0.0054  -0.0042   0.01   21.6
2100 476059.000   4007202.5545  -4306463.3288  -2458561.9109   1  11   0.0075   0.0082   0.0053  -0.0064   0.0054  -0.0042   0.01   21.6
2100 476060.000   4007202.5552  -4306463.3279  -2458561.9101   1  11   0.0075   0.0082   0.0053  -0.0064   0.0054  -0.0042   0.01   21.6
2100 476061.000   4007202.5597  -4306463.3287  -2458561.9107   1  11   0.0075   0.0082   0.0053  -0.0064   0.0054  -0.0042   0.01   21.6
2100 476062.000   4007202.5612  -4306463.3290  -2458561.9098   1  11   0.0075   0.0082   0.0053  -0.0064   0.0054  -0.0042   0.01   21.6
2100 476063.000   4007202.5604  -4306463.3317  -2458561.9113   1  12   0.0075   0.0076   0.0051  -0.0062   0.0050  -0.0041   0.01   21.6
2100 476064.000   4007202.5573  -4306463.3268  -2458561.9098   1  12   0.0075   0.0074   0.0051  -0.0062   0.0049  -0.0041   0.01   21.6
2100 476065.000   4007202.5598  -4306463.3316  -2458561.9091   1  12   0.0075   0.0073   0.0051  -0.0061   0.0049  -0.0041   0.01   21.6
2100 476066.000   4007202.5547  -4306463.3253  -2458561.9076   1  12   0.0075   0.0074   0.0051  -0.0062   0.0049  -0.0041   0.01   21.6
2100 476067.000   4007202.5569  -4306463.3244  -2458561.9092   1  11   0.0075   0.0082   0.0053  -0.0064   0.0054  -0.0043   0.01   21.5
2100 476068.000   4007202.5575  -4306463.3249  -2458561.9099   1  11   0.0075   0.0082   0.0053  -0.0064   0.0054  -0.0043   0.01   21.5
2100 476069.000   4007202.5577  -4306463.3285  -2458561.9121   1  12   0.0075   0.0074   0.0051  -0.0062   0.0049  -0.0041   0.01   21.5
2100 476070.000   4007202.5568  -4306463.3213  -2458561.9067   1  12   0.0075   0.0075   0.0051  -0.0062   0.0050  -0.0041   0.01   21.5
2100 476071.000   4007202.5525  -4306463.3251  -2458561.9091   1  12   0.0075   0.0077   0.0052  -0.0063   0.0051  -0.0042   0.01   21.5
2100 476072.000   4007202.5581  -4306463.3251  -2458561.9074   1  11   0.0075   0.0082   0.0053  -0.0064   0.0054  -0.0043   0.01   21.5
2100 476073.000   4007202.5590  -4306463.3282  -2458561.9086   1  11   0.0075   0.0082   0.0053  -0.0064   0.0054  -0.0043   0.01   21.4
2100 476074.000   4007202.5566  -4306463.3277  -2458561.9088   1  11   0.0075   0.0082   0.0053  -0.0064   0.0054  -0.0043   0.01   21.4
2100 476075.000   4007202.5576  -4306463.3280  -2458561.9088   1  11   0.0075   0.0082   0.0053  -0.0064   0.0054  -0.0043   0.01   21.3
2100 476076.000   4007202.5547  -4306463.3254  -2458561.9087   1  11   0.0075   0.0082   0.0053  -0.0064   0.0054  -0.0043   0.01   21.3
2100 476077.000   4007202.5546  -4306463.3229  -2458561.9064   1  11   0.0075   0.0082   0.0053  -0.0064   0.0054  -0.0043   0.01   21.3
2100 476078.000   4007202.5560  -4306463.3215  -2458561.9065   1  11   0.0075   0.0082   0.0053  -0.0064   0.0054  -0.0043   0.01   21.2
2100 476079.000   4007202.5506  -4306463.3212  -2458561.9086   1  11   0.0075   0.0082   0.0053  -0.0064   0.0054  -0.0043   0.01   21.2
2100 476080.000   4007202.5495  -4306463.3209  -2458561.9075   1  11   0.0075   0.0082   0.0053  -0.0064   0.0054  -0.0043   0.01   21.2
2100 476081.000   4007202.5503  -4306463.3229  -2458561.9091   1  11   0.0075   0.0082   0.0053  -0.0064   0.0054  -0.0043   0.01   21.2
2100 476082.000   4007202.5483  -4306463.3226  -2458561.9099   1  11   0.0075   0.0082   0.0053  -0.0064   0.0054  -0.0043   0.01   21.2
2100 476083.000   4007202.5516  -4306463.3240  -2458561.9102   1  11   0.0075   0.0082   0.0053  -0.0064   0.0054  -0.0043   0.01   21.1
2100 476084.000   4007202.5505  -4306463.3211  -2458561.9082   1  11   0.0075   0.0082   0.0053  -0.0064   0.0054  -0.0043   0.01   21.1
2100 476085.000   4007202.5544  -4306463.3250  -2458561.9107   1  11   0.0075   0.0082   0.0053  -0.0064   0.0054  -0.0043   0.01   21.1
2100 476086.000   4007202.5526  -4306463.3228  -2458561.9097   1  11   0.0075   0.0082   0.0053  -0.0064   0.0054  -0.0043   0.01   21.0
2100 476087.000   4007202.5502  -4306463.3240  -2458561.9099   1  11   0.0075   0.0082   0.0053  -0.0064   0.0054  -0.0043   0.01   21.0
2100 476088.000   4007202.5533  -4306463.3176  -2458561.9094   1  11   0.0075   0.0082   0.0053  -0.0064   0.0054  -0.0043   0.01   21.0
2100 476089.000   4007202.5557  -4306463.3191  -2458561.9069   1  11   0.0075   0.0082   0.0053  -0.0064   0.0054  -0.0043   0.01   20.9
2100 476090.000   4007202.5536  -4306463.3109  -2458561.9046   1  11   0.0075   0.0082   0.0053  -0.0064   0.0054  -0.0043   0.01   20.8
2100 476091.000   4007202.5588  -4306463.3470  -2458561.9102   1  10   0.0075   0.0099   0.0054  -0.0063   0.0060  -0.0042   0.01   22.1
2100 476092.000   4007202.5541  -4306463.3282  -2458561.9084   1  10   0.0084   0.0086   0.0053  -0.0071   0.0054  -0.0043   0.01   14.1
2100 476093.000   4007202.5458  -4306463.3188  -2458561.9065   1  11   0.0075   0.0082   0.0053  -0.0064   0.0054  -0.0043   0.01   20.8
2100 476094.000   4007202.5452  -4306463.3222  -2458561.9062   1  11   0.0075   0.0082   0.0053  -0.0064   0.0054  -0.0043   0.01   20.8
2100 476095.000   4007202.5448  -4306463.3158  -2458561.9056   1  11   0.0075   0.0082   0.0053  -0.0064   0.0054  -0.0043   0.01   20.8
2100 476096.000   4007202.5514  -4306463.3199  -2458561.9092   1  11   0.0075   0.0082   0.0053  -0.0064   0.0054  -0.0043   0.01   20.7
2100 476097.000   4007202.5559  -4306463.3219  -2458561.9057   1  11   0.0075   0.0082   0.0053  -0.0064   0.0054  -0.0043   0.01   20.7
2100 476098.000   4007202.5444  -4306463.3166  -2458561.9051   1  11   0.0075   0.0082   0.0053  -0.0064   0.0054  -0.0043   0.01   20.8
2100 476099.000   4007202.5730  -4306463.3328  -2458561.9071   1  11   0.0075   0.0082   0.0053  -0.0064   0.0054  -0.0043   0.01   20.7
2100 476100.000   4007202.5565  -4306463.3244  -2458561.9087   1  11   0.0075   0.0082   0.0053  -0.0064   0.0054  -0.0043   0.01   20.7
2100 476101.000   4007202.5560  -4306463.3164  -2458561.9052   1  11   0.0075   0.0082   0.0053  -0.0064   0.0054  -0.0043   0.01   20.7
2100 476102.000   4007202.5532  -4306463.3215  -2458561.9070   1  11   0.0075   0.0082   0.0053  -0.0064   0.0054  -0.0043   0.01   20.7
2100 476103.000   4007202.5538  -4306463.3201  -2458561.9075   1  11   0.0075   0.0082   0.0053  -0.0064   0.0054  -0.0043   0.01   20.7
2100 476104.000   4007202.5582  -4306463.3253  -2458561.9075   1  11   0.0075   0.0082   0.0053  -0.0064   0.0054  -0.0043   0.01   20.7
2100 476105.000   4007202.5566  -4306463.3206  -2458561.9054   1  11   0.0075   0.0082   0.0053  -0.0064   0.0054  -0.0043   0.01   20.7
2100 476106.000   4007202.5529  -4306463.3215  -2458561.9055   1  11   0.0075   0.0082   0.0053  -0.0064   0.0054  -0.0043   0.01   20.7
2100 476107.000   4007202.5511  -4306463.3228  -2458561.9069   1  11   0.0075   0.0082   0.0053  -0.0064   0.0054  -0.0043   0.01   20.7
2100 476108.000   4007202.5475  -4306463.3168  -2458561.9046   1  11   0.0075   0.0082   0.0053  -0.0064   0.0054  -0.0043   0.01   20.7
2100 476109.000   4007202.5488  -4306463.3189  -2458561.9059   1  11   0.0075   0.0082   0.0053  -0.0064   0.0054  -0.0043   0.01   20.8
2100 476110.000   4007202.5507  -4306463.3185  -2458561.9043   1  11   0.0075   0.0082   0.0053  -0.0064   0.0054  -0.0043   0.01   20.8
2100 476111.000   4007202.5502  -4306463.3196  -2458561.9053   1  11   0.0075   0.0082   0.0053  -0.0064   0.0054  -0.0043   0.01   20.8
2100 476112.000   4007202.5510  -4306463.3211  -2458561.9051   1  11   0.0075   0.0082   0.0053  -0.0064   0.0054  -0.0043   0.01   20.9
2100 476113.000   4007202.5510  -4306463.3171  -2458561.9026   1  11   0.0075   0.0082   0.0053  -0.0064   0.0054  -0.0043   0.01   20.9
2100 476114.000   4007202.5493  -4306463.3168  -2458561.9029   1  11   0.0075   0.0082   0.0053  -0.0064   0.0054  -0.0043   0.01   20.9
2100 476115.000   4007202.5506  -4306463.3156  -2458561.9023   1  11   0.0075   0.0082   0.0053  -0.0064   0.0054  -0.0043   0.01   21.0
2100 476116.000   4007202.5484  -4306463.3140  -2458561.9012   1  11   0.0075   0.0082   0.0053  -0.0064   0.0054  -0.0043   0.01   21.0
2100 476117.000   4007202.5509  -4306463.3170  -2458561.9020   1  11   0.0075   0.0082   0.0053  -0.0064   0.0054  -0.0043   0.01   21.0
2100 476118.000   4007202.5510  -4306463.3121  -2458561.9014   1  11   0.0075   0.0082   0.0053  -0.0064   0.0054  -0.0043   0.01   21.1
2100 476119.000   4007202.5491  -4306463.3131  -2458561.9028   1  11   0.0075   0.0082   0.0053  -0.0064   0.0054  -0.0043   0.01   21.2
2100 476120.000   4007202.5505  -4306463.3127  -2458561.9015   1  11   0.0075   0.0082   0.0053  -0.0064   0.0054  -0.0043   0.01   21.2
2100 476121.000   4007202.5494  -4306463.3160  -2458561.9028   1  11   0.0075   0.0082   0.0053  -0.0064   0.0054  -0.0043   0.01   21.3
2100 476122.000   4007202.5529  -4306463.3199  -2458561.9040   1  12   0.0075   0.0076   0.0051  -0.0063   0.0050  -0.0042   0.01   21.3
2100 476123.000   4007202.5540  -4306463.3222  -2458561.9063   1  12   0.0075   0.0074   0.0051  -0.0062   0.0049  -0.0042   0.01   21.4
2100 476124.000   4007202.5536  -4306463.3229  -2458561.9054   1  12   0.0075   0.0073   0.0051  -0.0062   0.0049  -0.0041   0.01   21.4
2100 476125.000   4007202.5550  -4306463.3208  -2458561.9024   1  12   0.0075   0.0073   0.0051  -0.0062   0.0048  -0.0041   0.01   21.4
2100 476126.000   4007202.5553  -4306463.3240  -2458561.9062   1  12   0.0075   0.0073   0.0051  -0.0062   0.0048  -0.0041   0.01   21.5
2100 476127.000   4007202.5539  -4306463.3241  -2458561.9060   1  12   0.0075   0.0072   0.0051  -0.0062   0.0048  -0.0041   0.01   21.5
2100 476128.000   4007202.5542  -4306463.3224  -2458561.9047   1  12   0.0075   0.0072   0.0050  -0.0062   0.0048  -0.0041   0.01   21.5
2100 476129.000   4007202.5550  -4306463.3241  -2458561.9056   1  12   0.0075   0.0072   0.0050  -0.0062   0.0048  -0.0041   0.01   21.6
2100 476130.000   4007202.5557  -4306463.3247  -2458561.9080   1  12   0.0075   0.0072   0.0050  -0.0062   0.0048  -0.0041   0.01   21.7
2100 476131.000   4007202.5516  -4306463.3258  -2458561.9072   1  12   0.0075   0.0072   0.0050  -0.0062   0.0048  -0.0041   0.01   21.8
2100 476132.000   4007202.5497  -4306463.3194  -2458561.9042   1  12   0.0075   0.0073   0.0056  -0.0061   0.0051  -0.0040   0.01   21.9
2100 476133.000   4007202.5594  -4306463.3332  -2458561.8980   1  12   0.0075   0.0073   0.0056  -0.0061   0.0051  -0.0040   0.01   22.0
2100 476134.000   4007202.8390  -4306463.6471  -2458561.8999   1  12   0.0075   0.0072   0.0051  -0.0062   0.0048  -0.0042   0.01   22.0
2100 476135.000   4007203.1786  -4306463.9836  -2458561.9141   1  12   0.0076   0.0073   0.0063  -0.0062   0.0052  -0.0044   0.01   22.0
2100 476136.000   4007203.4144  -4306464.2279  -2458561.9565   1  12   0.0076   0.0073   0.0063  -0.0062   0.0052  -0.0044   0.01   22.0
2100 476137.000   4007204.1042  -4306465.0444  -2458562.2769   1  12   0.0075   0.0072   0.0050  -0.0062   0.0048  -0.0041   0.01   22.1
2100 476138.000   4007205.7931  -4306466.8422  -2458563.3640   1  12   0.0076   0.0072   0.0050  -0.0062   0.0048  -0.0041   0.01   22.2
2100 476139.000   4007207.5842  -4306468.6775  -2458564.5410   1  13   0.0076   0.0070   0.0048  -0.0062   0.0045  -0.0041   0.01   22.3
2100 476140.000   4007209.4499  -4306470.6546  -2458565.8417   1  13   0.0077   0.0070   0.0050  -0.0063   0.0045  -0.0040   0.01    3.6
2100 476141.000   4007211.2698  -4306472.6209  -2458567.1504   1  13   0.0079   0.0071   0.0051  -0.0064   0.0046  -0.0039   0.01    3.8
2100 476142.000   4007213.1417  -4306474.6374  -2458568.3342   1  13   0.0079   0.0071   0.0051  -0.0064   0.0046  -0.0039   0.01    3.9
2100 476143.000   4007214.9567  -4306476.6360  -2458569.4966   1  13   0.0075   0.0069   0.0046  -0.0061   0.0043  -0.0041   0.01    4.1
2100 476144.000   4007216.6723  -4306478.6535  -2458570.6729   1  13   0.0075   0.0068   0.0046  -0.0061   0.0043  -0.0041   0.01    4.3
2100 476145.000   4007218.5019  -4306480.7891  -2458571.7051   1  13   0.0075   0.0068   0.0046  -0.0061   0.0043  -0.0041   0.01    4.4
2100 476146.000   4007220.3654  -4306482.8730  -2458572.6899   1  13   0.0075   0.0068   0.0046  -0.0061   0.0043  -0.0041   0.01    4.6
2100 476147.000   4007222.3736  -4306484.8711  -2458573.6592   1  13   0.0075   0.0068   0.0046  -0.0061   0.0043  -0.0041   0.01    4.7
2100 476148.000   4007224.4353  -4306486.7966  -2458574.7277   1  13   0.0075   0.0068   0.0046  -0.0061   0.0043  -0.0041   0.01    4.9
2100 476149.000   4007226.3942  -4306488.7126  -2458575.9263   1  13   0.0075   0.0068   0.0046  -0.0061   0.0042  -0.0041   0.01    5.1
2100 476150.000   4007228.2363  -4306490.6803  -2458577.1992   1  13   0.0075   0.0068   0.0046  -0.0061   0.0042  -0.0041   0.01    5.3
2100 476151.000   4007229.9195  -4306492.7245  -2458578.4435   1  13   0.0075   0.0068   0.0046  -0.0061   0.0042  -0.0041   0.01    5.4
2100 476152.000   4007231.5733  -4306494.8327  -2458579.6748   1  13   0.0075   0.0068   0.0046  -0.0061   0.0042  -0.0041   0.01    5.6
2100 476153.000   4007233.2396  -4306496.9925  -2458580.8238   1  13   0.0075   0.0068   0.0046  -0.0061   0.0042  -0.0041   0.01    5.8
2100 476154.000   4007235.0571  -4306499.0830  -2458581.9196   1  13   0.0075   0.0068   0.0045  -0.0061   0.0042  -0.0041   0.01    5.9
2100 476155.000   4007237.0887  -4306501.0156  -2458582.8129   1  13   0.0075   0.0068   0.0045  -0.0061   0.0042  -0.0041   0.01    6.1
2100 476156.000   4007239.1829  -4306502.9620  -2458583.7491   1  13   0.0079   0.0071   0.0052  -0.0064   0.0046  -0.0039   0.01    6.2
2100 476157.000   4007241.1315  -4306504.9037  -2458584.9360   1  13   0.0079   0.0070   0.0045  -0.0064   0.0043  -0.0041   0.01    6.4
2100 476158.000   4007243.0113  -4306506.8398  -2458586.2193   1  13   0.0079   0.0070   0.0048  -0.0064   0.0043  -0.0039   0.01    6.5
2100 476159.000   4007244.8261  -4306508.8320  -2458587.5950   1  13   0.0075   0.0068   0.0045  -0.0061   0.0042  -0.0041   0.01    6.7
2100 476160.000   4007246.4901  -4306510.8323  -2458588.9357   1  13   0.0075   0.0068   0.0045  -0.0061   0.0042  -0.0041   0.01    6.9
2100 476161.000   4007248.3446  -4306512.9392  -2458590.0194   1  13   0.0075   0.0068   0.0045  -0.0061   0.0042  -0.0041   0.01    7.0
2100 476162.000   4007250.2083  -4306514.9950  -2458591.1206   1  13   0.0079   0.0070   0.0045  -0.0064   0.0042  -0.0041   0.01    3.4
2100 476163.000   4007252.2310  -4306516.9798  -2458592.1574   1  13   0.0079   0.0070   0.0048  -0.0064   0.0043  -0.0039   0.01    3.5
2100 476164.000   4007254.2717  -4306518.8840  -2458593.2860   1  13   0.0079   0.0071   0.0052  -0.0064   0.0046  -0.0039   0.01    3.7
2100 476165.000   4007256.2345  -4306520.6899  -2458594.4975   1  13   0.0079   0.0072   0.0052  -0.0064   0.0046  -0.0039   0.01    8.4
2100 476166.000   4007258.0764  -4306522.5667  -2458595.7882   1  13   0.0079   0.0072   0.0052  -0.0064   0.0046  -0.0039   0.01    8.6
2100 476167.000   4007259.8724  -4306524.5796  -2458597.0012   1  13   0.0079   0.0072   0.0052  -0.0064   0.0046  -0.0039   0.01    8.7
2100 476168.000   4007261.6518  -4306526.6474  -2458598.0824   1  13   0.0079   0.0072   0.0052  -0.0064   0.0046  -0.0039   0.01    8.8
2100 476169.000   4007263.4852  -4306528.7312  -2458599.0475   1  13   0.0079   0.0072   0.0052  -0.0064   0.0046  -0.0039   0.01    9.0
2100 476170.000   4007265.4117  -4306530.8191  -2458600.0967   1  13   0.0079   0.0072   0.0052  -0.0064   0.0046  -0.0039   0.01    9.1
2100 476171.000   4007267.3416  -4306532.7822  -2458601.2531   1  13   0.0079   0.0072   0.0052  -0.0064   0.0046  -0.0039   0.01    9.3
2100 476172.000   4007269.2597  -4306534.6764  -2458602.4934   1  13   0.0078   0.0074   0.0052  -0.0064   0.0048  -0.0040   0.01    9.4
2100 476173.000   4007271.1162  -4306536.6229  -2458603.7715   1  13   0.0081   0.0072   0.0052  -0.0066   0.0046  -0.0039   0.01    9.5
2100 476174.000   4007272.9613  -4306538.6584  -2458604.9975   1  13   0.0078   0.0084   0.0057  -0.0065   0.0055  -0.0041   0.01    9.7
2100 476175.000   4007274.6931  -4306540.5742  -2458606.1120   1  13   0.0084   0.0079   0.0052  -0.0070   0.0047  -0.0039   0.01    9.8
2100 476176.000   4007275.8405  -4306541.8327  -2458606.8267   1  13   0.0084   0.0073   0.0050  -0.0068   0.0044  -0.0039   0.01    9.9
2100 476177.000   4007276.5336  -4306542.8527  -2458607.3001   1  13   0.0080   0.0076   0.0049  -0.0065   0.0046  -0.0040   0.01   10.1
2100 476178.000   4007276.5668  -4306543.0253  -2458607.2982   1  13   0.0082   0.0077   0.0049  -0.0069   0.0046  -0.0041   0.01   10.2
2100 476179.000   4007276.2042  -4306543.9034  -2458606.5828   1  13   0.0089   0.0088   0.0051  -0.0074   0.0047  -0.0041   0.01   10.2
2100 476180.000   4007274.6460  -4306546.1119  -2458605.1157   1  13   0.0089   0.0087   0.0050  -0.0075   0.0048  -0.0041   0.01   15.3
2100 476181.000   4007271.9483  -4306549.8765  -2458602.4340   1  13   0.0089   0.0084   0.0052  -0.0074   0.0048  -0.0039   0.01  126.1
2100 476182.000   4007268.4051  -4306555.3591  -2458598.0977   1  13   0.0085   0.0081   0.0049  -0.0070   0.0047  -0.0040   0.01  126.1
2100 476183.000   4007264.3022  -4306562.3052  -2458592.1339   1  13   0.0084   0.0082   0.0049  -0.0069   0.0046  -0.0040   0.01    5.3
2100 476184.000   4007259.9798  -4306570.4139  -2458585.0404   1  13   0.0081   0.0071   0.0048  -0.0066   0.0042  -0.0039   0.01    5.4
2100 476185.000   4007256.0941  -4306578.4838  -2458577.9584   1  13   0.0081   0.0081   0.0053  -0.0066   0.0051  -0.0040   0.01    5.6
2100 476186.000   4007252.7423  -4306585.4679  -2458571.7403   1  13   0.0082   0.0073   0.0052  -0.0067   0.0046  -0.0039   0.01    5.8
2100 476187.000   4007249.5989  -4306591.2376  -2458566.6904   1  13   0.0082   0.0073   0.0051  -0.0067   0.0045  -0.0039   0.01   11.3
2100 476188.000   4007246.3759  -4306596.4730  -2458562.6204   1  13   0.0079   0.0075   0.0051  -0.0065   0.0047  -0.0040   0.01    6.6
2100 476189.000   4007242.4427  -4306602.3227  -2458558.9218   1  13   0.0079   0.0074   0.0049  -0.0064   0.0046  -0.0040   0.01    6.9
2100 476190.000   4007237.5934  -4306609.4314  -2458554.3970   1  13   0.0078   0.0072   0.0049  -0.0063   0.0045  -0.0040   0.01    7.6
2100 476191.000   4007232.3538  -4306617.7398  -2458548.3988   1  13   0.0078   0.0069   0.0046  -0.0063   0.0042  -0.0040   0.01    5.0
2100 476192.000   4007227.6849  -4306626.3644  -2458541.0552   1  13   0.0078   0.0070   0.0053  -0.0062   0.0046  -0.0038   0.01    5.9
2100 476193.000   4007224.1643  -4306634.1547  -2458533.4177   1  13   0.0075   0.0071   0.0046  -0.0062   0.0044  -0.0041   0.01    7.0
2100 476194.000   4007221.4036  -4306640.4497  -2458526.8460   1  13   0.0079   0.0070   0.0046  -0.0064   0.0043  -0.0041   0.01    7.2
2100 476195.000   4007218.5909  -4306646.0001  -2458521.8230   1  13   0.0075   0.0071   0.0046  -0.0062   0.0044  -0.0041   0.01    7.8
2100 476196.000   4007215.1877  -4306651.6368  -2458517.5755   1  13   0.0075   0.0070   0.0048  -0.0061   0.0045  -0.0041   0.01    8.7
2100 476197.000   4007211.0434  -4306657.9420  -2458513.4091   1  13   0.0075   0.0068   0.0045  -0.0061   0.0042  -0.0041   0.01    9.8
2100 476198.000   4007206.3389  -4306665.2568  -2458508.5666   1  13   0.0075   0.0068   0.0045  -0.0061   0.0042  -0.0041   0.01   10.7
2100 476199.000   4007201.4784  -4306673.1231  -2458502.8106   1  13   0.0075   0.0068   0.0045  -0.0061   0.0042  -0.0041   0.01   11.6
2100 476200.000   4007196.8551  -4306681.1404  -2458496.4222   1  13   0.0075   0.0068   0.0045  -0.0061   0.0042  -0.0041   0.01   12.5
2100 476201.000   4007192.5371  -4306688.8618  -2458489.7784   1  13   0.0075   0.0068   0.0045  -0.0061   0.0042  -0.0041   0.01   13.3
2100 476202.000   4007188.6132  -4306696.2415  -2458483.4237   1  13   0.0075   0.0068   0.0045  -0.0061   0.0042  -0.0041   0.01   14.0
2100 476203.000   4007184.8293  -4306703.0732  -2458477.4477   1  13   0.0075   0.0068   0.0045  -0.0061   0.0042  -0.0041   0.01   14.7
2100 476204.000   4007181.1029  -4306709.6863  -2458471.8648   1  13   0.0075   0.0068   0.0045  -0.0061   0.0042  -0.0041   0.01   15.5
2100 476205.000   4007177.2538  -4306716.3853  -2458466.3874   1  13   0.0076   0.0068   0.0045  -0.0062   0.0042  -0.0041   0.01   16.3
2100 476206.000   4007173.1704  -4306723.3711  -2458461.0744   1  13   0.0076   0.0068   0.0045  -0.0062   0.0042  -0.0041   0.01   17.1
2100 476207.000   4007168.9110  -4306730.4542  -2458455.6050   1  13   0.0076   0.0071   0.0048  -0.0062   0.0046  -0.0041   0.01   17.9
2100 476208.000   4007164.7130  -4306737.5911  -2458449.8341   1  13   0.0107   0.0102   0.0071  -0.0088   0.0068  -0.0059   0.01   18.6
2100 476209.000   4007160.7135  -4306744.5298  -2458444.1853   1  13   0.0083   0.0073   0.0051  -0.0065   0.0045  -0.0046   0.01   19.3
2100 476210.000   4007157.4889  -4306750.1439  -2458439.4758   1  13   0.0081   0.0076   0.0048  -0.0063   0.0046  -0.0043   0.01    4.4
2100 476211.000   4007155.3867  -4306753.9686  -2458436.0110   1  13   0.0086   0.0080   0.0053  -0.0067   0.0047  -0.0049   0.01    5.6
2100 476212.000   4007154.4642  -4306755.8272  -2458434.2618   1  13   0.0085   0.0079   0.0051  -0.0066   0.0048  -0.0047   0.01    6.8
2100 476213.000   4007154.2939  -4306756.1662  -2458434.0120   1  13   0.0085   0.0079   0.0052  -0.0065   0.0047  -0.0046   0.01    7.8
2100 476214.000   4007154.4082  -4306756.0957  -2458433.9315   1  13   0.0086   0.0078   0.0053  -0.0070   0.0049  -0.0040   0.01    8.8
2100 476215.000   4007154.5152  -4306755.7669  -2458434.5115   1  13   0.0075   0.0068   0.0045  -0.0061   0.0042  -0.0041   0.01    9.7
2100 476216.000   4007154.3031  -4306755.7319  -2458435.0220   1  13   0.0084   0.0074   0.0053  -0.0069   0.0044  -0.0044   0.01   10.3
2100 476217.000   4007155.5628  -4306754.7990  -2458435.0979   1  13   0.0107   0.0096   0.0064  -0.0087   0.0060  -0.0058   0.01    8.7
2100 476218.000   4007158.3371  -4306752.3868  -2458435.0037   1  13   0.0107   0.0096   0.0064  -0.0087   0.0060  -0.0058   0.01    8.1
2100 476219.000   4007162.0556  -4306749.2395  -2458434.8558   1  13   0.0107   0.0096   0.0064  -0.0087   0.0060  -0.0058   0.01    7.5
2100 476220.000   4007165.9373  -4306745.7549  -2458434.6989   1  13   0.0107   0.0096   0.0064  -0.0087   0.0060  -0.0058   0.01    7.0
2100 476221.000   4007169.8895  -4306742.1228  -2458434.6912   1  13   0.0107   0.0096   0.0064  -0.0087   0.0060  -0.0058   0.01    6.5
2100 476222.000   4007173.6403  -4306738.6937  -2458434.6074   1  13   0.0076   0.0070   0.0046  -0.0062   0.0043  -0.0041   0.01    3.7
2100 476223.000   4007177.1545  -4306735.4982  -2458434.5224   1  13   0.0075   0.0069   0.0045  -0.0062   0.0043  -0.0041   0.01    4.4
2100 476224.000   4007180.6079  -4306732.4190  -2458434.4742   1  13   0.0075   0.0069   0.0045  -0.0062   0.0043  -0.0041   0.01    5.1
2100 476225.000   4007184.0590  -4306729.3789  -2458434.3964   1  13   0.0075   0.0069   0.0045  -0.0062   0.0043  -0.0041   0.01    5.5
2100 476226.000   4007187.5730  -4306726.1761  -2458434.3275   1  13   0.0075   0.0069   0.0045  -0.0062   0.0043  -0.0041   0.01    5.8
2100 476227.000   4007191.0755  -4306722.9057  -2458434.2903   1  13   0.0076   0.0069   0.0045  -0.0062   0.0043  -0.0041   0.01    6.4
2100 476228.000   4007194.4790  -4306719.8174  -2458434.2264   1  13   0.0076   0.0070   0.0045  -0.0062   0.0043  -0.0041   0.01    6.5
2100 476229.000   4007198.0161  -4306716.4987  -2458434.1537   1  13   0.0076   0.0072   0.0046  -0.0064   0.0043  -0.0041   0.01    6.5
2100 476230.000   4007201.6462  -4306713.1028  -2458434.0741   1  13   0.0077   0.0074   0.0046  -0.0064   0.0044  -0.0041   0.01   10.5
2100 476231.000   4007205.3038  -4306709.6933  -2458434.0371   1  13   0.0077   0.0074   0.0046  -0.0064   0.0044  -0.0041   0.01   12.9
2100 476232.000   4007208.8613  -4306706.2971  -2458434.0625   1  13   0.0075   0.0068   0.0045  -0.0061   0.0042  -0.0041   0.01   13.8
2100 476233.000   4007212.4281  -4306702.9676  -2458434.0818   1  13   0.0075   0.0068   0.0045  -0.0061   0.0042  -0.0041   0.01   15.8
2100 476234.000   4007216.0510  -4306699.5532  -2458434.0395   1  13   0.0075   0.0068   0.0045  -0.0061   0.0042  -0.0041   0.01   17.7
2100 476235.000   4007219.7226  -4306696.1946  -2458433.9689   1  13   0.0075   0.0068   0.0045  -0.0061   0.0042  -0.0041   0.01   19.7
2100 476236.000   4007223.3473  -4306692.7826  -2458433.9275   1  13   0.0076   0.0070   0.0045  -0.0063   0.0042  -0.0041   0.01   21.4
2100 476237.000   4007226.9869  -4306689.3165  -2458433.9265   1  13   0.0076   0.0068   0.0045  -0.0061   0.0042  -0.0041   0.01   22.3
2100 476238.000   4007230.6177  -4306685.9094  -2458433.9309   1  13   0.0076   0.0068   0.0045  -0.0061   0.0042  -0.0041   0.01   22.4
2100 476239.000   4007234.2519  -4306682.6023  -2458433.8713   1  13   0.0076   0.0068   0.0045  -0.0061   0.0042  -0.0041   0.01   22.5
2100 476240.000   4007237.8267  -4306679.2183  -2458433.9289   1  13   0.0076   0.0068   0.0045  -0.0061   0.0042  -0.0041   0.01   22.5
2100 476241.000   4007241.4306  -4306675.8485  -2458433.9844   1  13   0.0076   0.0068   0.0045  -0.0061   0.0042  -0.0041   0.01   22.1
2100 476242.000   4007245.0281  -4306672.5097  -2458434.0532   1  13   0.0076   0.0069   0.0046  -0.0062   0.0043  -0.0041   0.01   22.2
2100 476243.000   4007248.6447  -4306669.1796  -2458434.0911   1  13   0.0076   0.0070   0.0046  -0.0062   0.0043  -0.0041   0.01   22.2
2100 476244.000   4007252.2900  -4306665.8311  -2458434.1152   1  13   0.0076   0.0071   0.0046  -0.0062   0.0044  -0.0041   0.01   22.2
2100 476245.000   4007255.9788  -4306662.4541  -2458434.1124   1  13   0.0076   0.0071   0.0046  -0.0062   0.0044  -0.0041   0.01   22.2
2100 476246.000   4007259.6166  -4306659.0259  -2458434.0593   1  13   0.0076   0.0071   0.0046  -0.0062   0.0044  -0.0041   0.01   22.4
2100 476247.000   4007263.2195  -4306655.6211  -2458433.9841   1  13   0.0076   0.0071   0.0046  -0.0062   0.0044  -0.0041   0.01   22.9
2100 476248.000   4007266.8152  -4306652.2531  -2458434.0131   1  13   0.0076   0.0073   0.0046  -0.0062   0.0044  -0.0041   0.01   22.9
2100 476249.000   4007270.4491  -4306648.8968  -2458434.0441   1  13   0.0076   0.0071   0.0046  -0.0062   0.0044  -0.0041   0.01   23.0
2100 476250.000   4007274.0430  -4306645.4868  -2458434.0757   1  13   0.0076   0.0071   0.0046  -0.0062   0.0044  -0.0041   0.01   23.1
2100 476251.000   4007277.6939  -4306642.1342  -2458434.1507   1  13   0.0076   0.0068   0.0045  -0.0062   0.0042  -0.0041   0.01   23.2
2100 476252.000   4007281.4282  -4306638.6965  -2458434.1472   1  13   0.0076   0.0068   0.0045  -0.0062   0.0042  -0.0041   0.01   23.6
2100 476253.000   4007285.1285  -4306635.3153  -2458434.2214   1  13   0.0076   0.0068   0.0045  -0.0062   0.0042  -0.0041   0.01   23.8
2100 476254.000   4007288.7789  -4306631.9367  -2458434.1868   1  13   0.0076   0.0069   0.0045  -0.0062   0.0042  -0.0041   0.01   24.0
2100 476255.000   4007292.3767  -4306628.6151  -2458434.1309   1  13   0.0076   0.0069   0.0045  -0.0062   0.0042  -0.0041   0.01   24.2
2100 476256.000   4007296.0143  -4306625.2627  -2458434.0893   1  13   0.0076   0.0071   0.0046  -0.0063   0.0043  -0.0041   0.01   24.3
2100 476257.000   4007299.5673  -4306621.8615  -2458434.0640   1  13   0.0077   0.0073   0.0046  -0.0064   0.0044  -0.0041   0.01   24.7
2100 476258.000   4007303.1460  -4306618.4923  -2458434.0851   1  13   0.0077   0.0073   0.0046  -0.0064   0.0044  -0.0041   0.01   24.7
2100 476259.000   4007306.7767  -4306615.0759  -2458434.0691   1  13   0.0076   0.0071   0.0046  -0.0062   0.0044  -0.0041   0.01   25.1
2100 476260.000   4007310.3785  -4306611.6811  -2458434.1122   1  13   0.0076   0.0070   0.0046  -0.0062   0.0043  -0.0041   0.01   25.0
2100 476261.000   4007313.9992  -4306608.4031  -2458434.1125   1  13   0.0076   0.0071   0.0046  -0.0063   0.0044  -0.0041   0.01   25.3
2100 476262.000   4007317.6348  -4306605.0183  -2458434.1070   1  13   0.0076   0.0071   0.0046  -0.0063   0.0044  -0.0041   0.01   25.6
2100 476263.000   4007321.3318  -4306601.5698  -2458434.1303   1  13   0.0076   0.0071   0.0046  -0.0063   0.0044  -0.0041   0.01   25.8
2100 476264.000   4007324.9946  -4306598.1240  -2458434.1989   1  13   0.0076   0.0068   0.0045  -0.0062   0.0043  -0.0041   0.01   25.8
2100 476265.000   4007328.6967  -4306594.7758  -2458434.1993   1  13   0.0076   0.0068   0.0045  -0.0062   0.0043  -0.0041   0.01   25.9
2100 476266.000   4007332.3037  -4306591.3583  -2458434.2514   1  13   0.0076   0.0068   0.0045  -0.0062   0.0043  -0.0041   0.01   26.1
2100 476267.000   4007335.9131  -4306588.0562  -2458434.3554   1  13   0.0076   0.0068   0.0045  -0.0062   0.0043  -0.0041   0.01   26.2
2100 476268.000   4007339.5243  -4306584.6648  -2458434.3750   1  13   0.0076   0.0068   0.0045  -0.0062   0.0043  -0.0041   0.01   26.4
2100 476269.000   4007343.1335  -4306581.2828  -2458434.3670   1  13   0.0076   0.0068   0.0045  -0.0062   0.0043  -0.0041   0.01   26.7
2100 476270.000   4007346.7048  -4306577.9427  -2458434.3329   1  13   0.0076   0.0068   0.0045  -0.0062   0.0043  -0.0041   0.01   27.1
2100 476271.000   4007350.3461  -4306574.5611  -2458434.3486   1  13   0.0076   0.0068   0.0045  -0.0062   0.0043  -0.0041   0.01   27.5
2100 476272.000   4007354.0360  -4306571.2071  -2458434.3631   1  13   0.0076   0.0068   0.0045  -0.0062   0.0043  -0.0041   0.01   27.6
2100 476273.000   4007357.6032  -4306567.8718  -2458434.3582   1  13   0.0076   0.0068   0.0045  -0.0062   0.0043  -0.0041   0.01   27.8
2100 476274.000   4007361.1820  -4306564.5645  -2458434.4347   1  13   0.0076   0.0068   0.0045  -0.0062   0.0043  -0.0041   0.01   28.4
2100 476275.000   4007364.7699  -4306561.2174  -2458434.4366   1  13   0.0076   0.0068   0.0045  -0.0062   0.0043  -0.0041   0.01   28.8
2100 476276.000   4007368.4187  -4306557.8358  -2458434.4819   1  13   0.0076   0.0068   0.0045  -0.0062   0.0043  -0.0041   0.01   29.2
2100 476277.000   4007372.0816  -4306554.4228  -2458434.4542   1  13   0.0076   0.0068   0.0045  -0.0062   0.0043  -0.0041   0.01   29.7
2100 476278.000   4007375.6521  -4306550.9047  -2458434.4180   1  13   0.0076   0.0068   0.0045  -0.0062   0.0043  -0.0041   0.01   29.9
2100 476279.000   4007379.2202  -4306547.4440  -2458434.4386   1  13   0.0076   0.0068   0.0045  -0.0062   0.0043  -0.0041   0.01   30.6
2100 476280.000   4007382.8293  -4306544.0014  -2458434.4422   1  13   0.0076   0.0068   0.0045  -0.0062   0.0043  -0.0041   0.01   31.0
2100 476281.000   4007386.4543  -4306540.6117  -2458434.3217   1  13   0.0076   0.0069   0.0047  -0.0062   0.0044  -0.0041   0.01   31.4
2100 476282.000   4007390.0672  -4306537.2015  -2458434.2694   1  13   0.0076   0.0070   0.0048  -0.0062   0.0045  -0.0042   0.01   32.0
2100 476283.000   4007393.7554  -4306533.8477  -2458434.2673   1  13   0.0076   0.0070   0.0048  -0.0062   0.0045  -0.0042   0.01   32.7
2100 476284.000   4007397.3210  -4306530.4566  -2458434.3131   1  13   0.0077   0.0072   0.0048  -0.0063   0.0045  -0.0042   0.01   33.1
2100 476285.000   4007400.9967  -4306527.1236  -2458434.3134   1  13   0.0082   0.0075   0.0048  -0.0068   0.0045  -0.0042   0.01   36.9
2100 476286.000   4007404.7084  -4306523.6804  -2458434.3161   1  13   0.0082   0.0075   0.0048  -0.0068   0.0045  -0.0042   0.01   33.9
2100 476287.000   4007408.3918  -4306520.2962  -2458434.3261   1  13   0.0082   0.0075   0.0048  -0.0068   0.0045  -0.0042   0.01   34.2
2100 476288.000   4007412.0075  -4306516.9558  -2458434.3543   1  13   0.0084   0.0076   0.0052  -0.0070   0.0046  -0.0039   0.01   35.0
2100 476289.000   4007415.6431  -4306513.6962  -2458434.2860   1  13   0.0086   0.0076   0.0054  -0.0070   0.0045  -0.0041   0.01   35.7
2100 476290.000   4007419.2528  -4306510.3999  -2458434.2045   1  13   0.0087   0.0077   0.0054  -0.0071   0.0045  -0.0041   0.01   94.2
2100 476291.000   4007422.9097  -4306506.9612  -2458434.3063   1  13   0.0090   0.0083   0.0054  -0.0075   0.0047  -0.0041   0.01  103.5
2100 476292.000   4007426.5080  -4306503.4751  -2458434.3888   1  13   0.0088   0.0081   0.0052  -0.0073   0.0047  -0.0042   0.01  105.6
2100 476293.000   4007430.1768  -4306500.0024  -2458434.4040   1  13   0.0084   0.0075   0.0048  -0.0069   0.0045  -0.0043   0.01   11.3
2100 476294.000   4007433.8900  -4306496.5744  -2458434.4225   1  13   0.0078   0.0070   0.0045  -0.0064   0.0043  -0.0041   0.01   14.8
2100 476295.000   4007437.4320  -4306493.1863  -2458434.5349   1  13   0.0077   0.0074   0.0046  -0.0063   0.0044  -0.0042   0.01    9.5
2100 476296.000   4007441.0565  -4306489.8986  -2458434.5298   1  13   0.0076   0.0074   0.0046  -0.0062   0.0044  -0.0042   0.01    7.9
2100 476297.000   4007444.6690  -4306486.5093  -2458434.5524   1  13   0.0079   0.0068   0.0046  -0.0062   0.0043  -0.0042   0.01    8.8
2100 476298.000   4007448.2701  -4306483.1530  -2458434.5652   1  13   0.0081   0.0074   0.0048  -0.0062   0.0044  -0.0046   0.01    9.5
2100 476299.000   4007451.7745  -4306479.7984  -2458434.5739   1  13   0.0077   0.0074   0.0048  -0.0062   0.0044  -0.0044   0.01   10.3
2100 476300.000   4007455.3925  -4306476.5149  -2458434.5708   1  13   0.0079   0.0068   0.0046  -0.0062   0.0043  -0.0042   0.01   11.1
2100 476301.000   4007458.9961  -4306473.1363  -2458434.5174   1  13   0.0082   0.0074   0.0050  -0.0062   0.0044  -0.0047   0.01   11.7
2100 476302.000   4007462.6196  -4306469.7526  -2458434.4544   1  13   0.0078   0.0070   0.0051  -0.0062   0.0044  -0.0045   0.01   12.6
2100 476303.000   4007466.2372  -4306466.3194  -2458434.4482   1  13   0.0083   0.0078   0.0054  -0.0063   0.0048  -0.0049   0.01   13.2
2100 476304.000   4007469.9620  -4306462.9056  -2458434.4662   1  13   0.0083   0.0080   0.0054  -0.0065   0.0048  -0.0049   0.01   13.5
2100 476305.000   4007473.6226  -4306459.4289  -2458434.4621   1  13   0.0079   0.0075   0.0051  -0.0062   0.0044  -0.0046   0.01   14.5
2100 476306.000   4007476.5874  -4306456.5493  -2458434.3797   1  13   0.0082   0.0069   0.0050  -0.0063   0.0043  -0.0047   0.01   15.6
2100 476307.000   4007478.2318  -4306454.8749  -2458434.2754   1  13   0.0077   0.0073   0.0047  -0.0063   0.0045  -0.0042   0.01   16.3
2100 476308.000   4007479.4625  -4306453.8352  -2458434.3118   1  13   0.0078   0.0084   0.0051  -0.0066   0.0053  -0.0043   0.01   17.1
2100 476309.000   4007479.9346  -4306453.3812  -2458434.1650   1  13   0.0081   0.0101   0.0054  -0.0064   0.0061  -0.0044   0.01   23.4
2100 476310.000   4007479.9169  -4306453.3669  -2458434.2927   1  13   0.0080   0.0084   0.0054  -0.0063   0.0050  -0.0045   0.01    3.1
2100 476311.000   4007479.8331  -4306453.3591  -2458434.4298   1  13   0.0086   0.0079   0.0050  -0.0064   0.0047  -0.0046   0.01    3.5
2100 476312.000   4007479.5261  -4306453.3724  -2458434.6808   1  13   0.0080   0.0072   0.0053  -0.0065   0.0046  -0.0040   0.01   12.5
2100 476313.000   4007478.7917  -4306453.5622  -2458435.1082   1  13   0.0078   0.0074   0.0049  -0.0062   0.0044  -0.0044   0.01   14.4
2100 476314.000   4007478.2685  -4306453.0850  -2458436.8781   1  13   0.0083   0.0077   0.0056  -0.0064   0.0046  -0.0048   0.01   20.2
2100 476315.000   4007477.4695  -4306451.8875  -2458440.3977   1  13   0.0078   0.0071   0.0049  -0.0064   0.0044  -0.0044   0.01    6.5
2100 476316.000   4007476.6312  -4306450.2701  -2458444.6205   1  13   0.0080   0.0072   0.0052  -0.0065   0.0046  -0.0040   0.01    6.9
2100 476317.000   4007475.6386  -4306448.5557  -2458449.1907   1  13   0.0107   0.0097   0.0064  -0.0087   0.0060  -0.0058   0.01    9.3
2100 476318.000   4007474.4217  -4306446.8072  -2458453.9572   1  13   0.0076   0.0068   0.0045  -0.0062   0.0043  -0.0041   0.01   11.8
2100 476319.000   4007473.1191  -4306445.2263  -2458458.7305   1  13   0.0083   0.0078   0.0054  -0.0063   0.0048  -0.0049   0.01   11.7
2100 476320.000   4007471.7462  -4306443.7380  -2458463.5161   1  13   0.0076   0.0069   0.0045  -0.0062   0.0043  -0.0041   0.01   21.0
2100 476321.000   4007470.3755  -4306442.3313  -2458468.1737   1  13   0.0076   0.0069   0.0045  -0.0062   0.0043  -0.0041   0.01   21.9
2100 476322.000   4007468.9622  -4306440.9477  -2458472.7210   1  13   0.0076   0.0069   0.0045  -0.0062   0.0043  -0.0041   0.01   22.3
2100 476323.000   4007467.5949  -4306439.6295  -2458477.3713   1  13   0.0076   0.0069   0.0045  -0.0062   0.0043  -0.0041   0.01   22.3
2100 476324.000   4007466.3089  -4306438.3007  -2458481.9318   1  13   0.0076   0.0069   0.0045  -0.0062   0.0043  -0.0041   0.01   21.4
2100 476325.000   4007464.9560  -4306436.9340  -2458486.4638   1  13   0.0076   0.0069   0.0045  -0.0062   0.0043  -0.0041   0.01   20.8
2100 476326.000   4007463.5936  -4306435.5724  -2458490.9989   1  13   0.0076   0.0069   0.0045  -0.0062   0.0043  -0.0041   0.01   27.1
2100 476327.000   4007462.2590  -4306434.2106  -2458495.5545   1  13   0.0076   0.0069   0.0045  -0.0062   0.0043  -0.0041   0.01   32.1
2100 476328.000   4007460.9726  -4306432.8444  -2458500.0962   1  13   0.0076   0.0069   0.0045  -0.0062   0.0043  -0.0041   0.01   35.6
2100 476329.000   4007459.6737  -4306431.5234  -2458504.5635   1  13   0.0076   0.0069   0.0045  -0.0062   0.0043  -0.0041   0.01   36.8
2100 476330.000   4007458.3549  -4306430.1803  -2458508.9794   1  13   0.0076   0.0069   0.0045  -0.0062   0.0043  -0.0041   0.01   37.3
2100 476331.000   4007457.1621  -4306428.7462  -2458513.5154   1  13   0.0076   0.0069   0.0045  -0.0062   0.0043  -0.0041   0.01   38.6
2100 476332.000   4007455.9619  -4306427.2254  -2458518.1483   1  13   0.0076   0.0069   0.0046  -0.0062   0.0043  -0.0041   0.01   39.5
2100 476333.000   4007454.6901  -4306425.7163  -2458522.8447   1  13   0.0076   0.0069   0.0046  -0.0062   0.0043  -0.0041   0.01   39.9
2100 476334.000   4007453.3592  -4306424.2673  -2458527.5589   1  13   0.0076   0.0069   0.0046  -0.0062   0.0043  -0.0041   0.01   41.7
2100 476335.000   4007452.0170  -4306422.8090  -2458532.2636   1  13   0.0076   0.0069   0.0046  -0.0062   0.0044  -0.0042   0.01   42.6
2100 476336.000   4007450.6540  -4306421.4015  -2458536.8422   1  13   0.0076   0.0070   0.0047  -0.0062   0.0044  -0.0042   0.01   44.4
2100 476337.000   4007449.2345  -4306420.0133  -2458541.3898   1  13   0.0076   0.0070   0.0048  -0.0062   0.0045  -0.0042   0.01   46.0
2100 476338.000   4007447.8676  -4306418.6223  -2458545.9349   1  13   0.0076   0.0070   0.0048  -0.0062   0.0045  -0.0042   0.01   46.6
2100 476339.000   4007446.5151  -4306417.2572  -2458550.4737   1  13   0.0076   0.0074   0.0048  -0.0064   0.0047  -0.0042   0.01   47.1
2100 476340.000   4007445.2950  -4306415.8404  -2458555.0703   1  13   0.0076   0.0069   0.0045  -0.0062   0.0043  -0.0041   0.01   48.6
2100 476341.000   4007444.0754  -4306414.3704  -2458559.5874   1  13   0.0076   0.0069   0.0045  -0.0062   0.0043  -0.0041   0.01   50.5
2100 476342.000   4007442.7788  -4306413.0134  -2458564.0708   1  13   0.0076   0.0069   0.0045  -0.0062   0.0043  -0.0041   0.01   50.6
2100 476343.000   4007441.4811  -4306411.5837  -2458568.6147   1  13   0.0076   0.0069   0.0046  -0.0062   0.0043  -0.0041   0.01   50.8
2100 476344.000   4007440.0704  -4306410.2265  -2458573.1832   1  13   0.0076   0.0069   0.0046  -0.0062   0.0043  -0.0041   0.01   51.3
2100 476345.000   4007438.6357  -4306408.8575  -2458577.7591   1  13   0.0076   0.0069   0.0046  -0.0062   0.0043  -0.0041   0.01   50.8
2100 476346.000   4007437.3197  -4306407.4483  -2458582.3938   1  13   0.0076   0.0069   0.0046  -0.0062   0.0043  -0.0041   0.01   51.7
2100 476347.000   4007436.1024  -4306406.0504  -2458586.9513   1  13   0.0076   0.0069   0.0046  -0.0062   0.0043  -0.0041   0.01   52.1
2100 476348.000   4007434.8606  -4306404.5870  -2458591.4742   1  13   0.0076   0.0069   0.0046  -0.0062   0.0043  -0.0041   0.01   53.4
2100 476349.000   4007433.6853  -4306403.0820  -2458596.0111   1  13   0.0076   0.0069   0.0046  -0.0062   0.0043  -0.0041   0.01   54.7
2100 476350.000   4007432.5068  -4306401.5779  -2458600.5536   1  13   0.0076   0.0069   0.0046  -0.0062   0.0043  -0.0041   0.01   55.6
2100 476351.000   4007431.1799  -4306400.1860  -2458605.1248   1  13   0.0076   0.0069   0.0046  -0.0062   0.0043  -0.0041   0.01   56.6
2100 476352.000   4007429.7653  -4306398.8253  -2458609.7731   1  13   0.0076   0.0069   0.0046  -0.0062   0.0043  -0.0041   0.01   57.2
2100 476353.000   4007428.4219  -4306397.4326  -2458614.4123   1  13   0.0076   0.0069   0.0046  -0.0062   0.0043  -0.0041   0.01   58.4
2100 476354.000   4007427.0611  -4306396.0597  -2458619.0332   1  13   0.0076   0.0069   0.0046  -0.0062   0.0043  -0.0041   0.01   58.6
2100 476355.000   4007425.6816  -4306394.7046  -2458623.6154   1  13   0.0076   0.0069   0.0046  -0.0062   0.0043  -0.0041   0.01   58.5
2100 476356.000   4007424.3360  -4306393.3074  -2458628.2380   1  13   0.0076   0.0069   0.0046  -0.0062   0.0043  -0.0041   0.01   58.1
2100 476357.000   4007423.0366  -4306391.8897  -2458632.8166   1  13   0.0076   0.0069   0.0046  -0.0062   0.0043  -0.0042   0.01   58.2
2100 476358.000   4007421.7987  -4306390.5362  -2458637.3681   1  13   0.0076   0.0069   0.0046  -0.0062   0.0043  -0.0042   0.01   58.6
2100 476359.000   4007420.5055  -4306389.1190  -2458641.9213   1  13   0.0076   0.0070   0.0046  -0.0062   0.0044  -0.0042   0.01   58.3
2100 476360.000   4007419.2045  -4306387.7032  -2458646.4238   1  13   0.0076   0.0070   0.0046  -0.0063   0.0044  -0.0042   0.01   57.6
2100 476361.000   4007417.9827  -4306386.3066  -2458650.9660   1  13   0.0076   0.0071   0.0046  -0.0063   0.0044  -0.0042   0.01   58.0
2100 476362.000   4007416.5976  -4306384.9142  -2458655.5075   1  13   0.0076   0.0071   0.0047  -0.0063   0.0045  -0.0042   0.01   57.5
2100 476363.000   4007415.3598  -4306383.5031  -2458660.1392   1  13   0.0076   0.0072   0.0047  -0.0063   0.0046  -0.0042   0.01   58.5
2100 476364.000   4007414.1982  -4306381.9780  -2458664.6171   1  13   0.0077   0.0074   0.0048  -0.0064   0.0047  -0.0043   0.01   59.7
2100 476365.000   4007412.9211  -4306380.5361  -2458669.1452   1  13   0.0077   0.0074   0.0048  -0.0064   0.0047  -0.0043   0.01   60.7
2100 476366.000   4007411.6221  -4306379.1040  -2458673.6793   1  13   0.0077   0.0074   0.0048  -0.0064   0.0047  -0.0043   0.01   61.0
2100 476367.000   4007410.1970  -4306377.7499  -2458678.2211   1  13   0.0077   0.0074   0.0048  -0.0064   0.0047  -0.0043   0.01   60.8
2100 476368.000   4007408.7731  -4306376.4044  -2458682.9020   1  13   0.0077   0.0074   0.0048  -0.0064   0.0047  -0.0043   0.01   60.7
2100 476369.000   4007407.4421  -4306374.9838  -2458687.5825   1  13   0.0077   0.0074   0.0048  -0.0064   0.0047  -0.0043   0.01   60.7
2100 476370.000   4007406.1581  -4306373.5850  -2458692.2327   1  13   0.0076   0.0070   0.0048  -0.0063   0.0045  -0.0042   0.01   61.3
2100 476371.000   4007404.9312  -4306372.0951  -2458696.7821   1  13   0.0076   0.0070   0.0048  -0.0063   0.0045  -0.0042   0.01   61.7
2100 476372.000   4007403.6813  -4306370.7336  -2458701.2760   1  13   0.0076   0.0070   0.0048  -0.0063   0.0045  -0.0042   0.01   61.2
2100 476373.000   4007402.3344  -4306369.3719  -2458705.7995   1  13   0.0076   0.0070   0.0048  -0.0063   0.0045  -0.0042   0.01   61.2
2100 476374.000   4007400.9651  -4306368.0273  -2458710.3661   1  13   0.0076   0.0070   0.0048  -0.0063   0.0045  -0.0042   0.01   61.1
2100 476375.000   4007399.6234  -4306366.6512  -2458714.9459   1  13   0.0076   0.0069   0.0046  -0.0062   0.0043  -0.0042   0.01   60.9
2100 476376.000   4007398.3229  -4306365.3268  -2458719.5232   1  13   0.0076   0.0069   0.0046  -0.0062   0.0043  -0.0042   0.01   61.3
2100 476377.000   4007397.0372  -4306363.9630  -2458724.0866   1  13   0.0076   0.0069   0.0046  -0.0062   0.0043  -0.0042   0.01   61.0
2100 476378.000   4007395.7817  -4306362.5822  -2458728.6849   1  13   0.0076   0.0069   0.0046  -0.0062   0.0043  -0.0042   0.01   61.1
2100 476379.000   4007394.5165  -4306361.1371  -2458733.2665   1  13   0.0076   0.0071   0.0048  -0.0063   0.0045  -0.0042   0.01   60.9
2100 476380.000   4007393.2604  -4306359.6400  -2458737.8499   1  13   0.0076   0.0069   0.0046  -0.0062   0.0043  -0.0042   0.01   60.8
2100 476381.000   4007391.9886  -4306358.2015  -2458742.4114   1  13   0.0076   0.0069   0.0046  -0.0062   0.0043  -0.0042   0.01   60.5
2100 476382.000   4007390.6316  -4306356.8372  -2458747.0465   1  13   0.0076   0.0069   0.0046  -0.0062   0.0043  -0.0042   0.01   60.6
2100 476383.000   4007389.2827  -4306355.4160  -2458751.6268   1  13   0.0076   0.0069   0.0046  -0.0062   0.0043  -0.0042   0.01   60.8
2100 476384.000   4007387.9021  -4306354.0685  -2458756.2234   1  13   0.0076   0.0069   0.0046  -0.0062   0.0043  -0.0042   0.01   60.8
2100 476385.000   4007386.5260  -4306352.6921  -2458760.7713   1  13   0.0076   0.0071   0.0048  -0.0063   0.0045  -0.0042   0.01   60.2
2100 476386.000   4007385.2391  -4306351.2434  -2458765.3380   1  13   0.0076   0.0071   0.0048  -0.0063   0.0045  -0.0042   0.01   74.5
2100 476387.000   4007383.9897  -4306349.7756  -2458769.9082   1  13   0.0076   0.0070   0.0047  -0.0062   0.0044  -0.0042   0.01   74.2
2100 476388.000   4007382.6488  -4306348.3445  -2458774.4264   1  13   0.0076   0.0069   0.0046  -0.0062   0.0043  -0.0042   0.01    3.9
2100 476389.000   4007381.3496  -4306346.8843  -2458779.0232   1  13   0.0076   0.0069   0.0046  -0.0062   0.0043  -0.0042   0.01    4.9
2100 476390.000   4007380.0412  -4306345.4844  -2458783.5806   1  13   0.0076   0.0069   0.0046  -0.0062   0.0043  -0.0042   0.01    5.8
2100 476391.000   4007378.6793  -4306344.1337  -2458788.1194   1  13   0.0076   0.0069   0.0046  -0.0062   0.0043  -0.0042   0.01    6.7
2100 476392.000   4007377.3737  -4306342.7454  -2458792.7460   1  13   0.0076   0.0069   0.0046  -0.0062   0.0043  -0.0042   0.01    7.5
2100 476393.000   4007376.0710  -4306341.3779  -2458797.3864   1  13   0.0076   0.0069   0.0046  -0.0062   0.0043  -0.0042   0.01    8.5
2100 476394.000   4007374.7738  -4306339.9498  -2458802.0260   1  13   0.0077   0.0069   0.0046  -0.0063   0.0043  -0.0042   0.01    9.4
2100 476395.000   4007373.4816  -4306338.5050  -2458806.5865   1  13   0.0077   0.0069   0.0046  -0.0063   0.0043  -0.0042   0.01   10.0
2100 476396.000   4007372.2374  -4306337.1494  -2458811.0956   1  13   0.0077   0.0069   0.0047  -0.0063   0.0044  -0.0041   0.01   10.7
2100 476397.000   4007370.9311  -4306335.7616  -2458815.6486   1  13   0.0077   0.0069   0.0047  -0.0063   0.0044  -0.0041   0.01   11.5
2100 476398.000   4007369.6036  -4306334.3865  -2458820.2761   1  13   0.0077   0.0069   0.0047  -0.0063   0.0044  -0.0041   0.01   12.3
2100 476399.000   4007368.3494  -4306332.9654  -2458824.8903   1  13   0.0077   0.0070   0.0047  -0.0063   0.0044  -0.0041   0.01   13.1
2100 476400.000   4007367.0730  -4306331.5815  -2458829.5565   1  13   0.0077   0.0070   0.0048  -0.0063   0.0044  -0.0041   0.01   13.9
2100 476401.000   4007365.7476  -4306330.1215  -2458834.1569   1  13   0.0078   0.0072   0.0051  -0.0064   0.0047  -0.0041   0.01   14.0
2100 476402.000   4007364.4424  -4306328.7045  -2458838.6588   1  13   0.0078   0.0071   0.0049  -0.0064   0.0045  -0.0041   0.01   14.7
2100 476403.000   4007363.1772  -4306327.3108  -2458843.1098   1  13   0.0078   0.0072   0.0051  -0.0064   0.0046  -0.0040   0.01   15.5
2100 476404.000   4007361.8595  -4306325.9570  -2458847.6163   1  13   0.0079   0.0075   0.0055  -0.0065   0.0050  -0.0041   0.01   15.6
2100 476405.000   4007360.9150  -4306324.9086  -2458850.9839   1  13   0.0084   0.0075   0.0055  -0.0068   0.0047  -0.0037   0.01   76.8
2100 476406.000   4007360.2377  -4306324.2482  -2458853.0459   1  13   0.0085   0.0076   0.0055  -0.0069   0.0047  -0.0037   0.01   71.0
2100 476407.000   4007359.7268  -4306323.7981  -2458854.5551   1  13   0.0090   0.0086   0.0067  -0.0073   0.0056  -0.0031   0.01   70.0
2100 476408.000   4007359.5420  -4306323.6507  -2458854.9629   1  13   0.0082   0.0075   0.0054  -0.0067   0.0047  -0.0038   0.01   71.9
2100 476409.000   4007359.3096  -4306323.7127  -2458855.1161   1  13   0.0081   0.0072   0.0056  -0.0065   0.0047  -0.0041   0.01   72.0
2100 476410.000   4007358.5201  -4306324.2515  -2458855.2466   1  13   0.0082   0.0079   0.0059  -0.0065   0.0052  -0.0041   0.01   72.2
2100 476411.000   4007356.9727  -4306325.7517  -2458855.0284   1  13   0.0084   0.0078   0.0062  -0.0068   0.0053  -0.0041   0.01   78.2
2100 476412.000   4007354.4698  -4306328.2404  -2458854.6300   1  13   0.0082   0.0075   0.0055  -0.0066   0.0048  -0.0041   0.01    4.8
2100 476413.000   4007351.1145  -4306331.4213  -2458854.4729   1  13   0.0077   0.0074   0.0048  -0.0063   0.0045  -0.0043   0.01    4.7
2100 476414.000   4007347.4782  -4306334.6325  -2458854.5875   1  13   0.0077   0.0071   0.0049  -0.0063   0.0046  -0.0043   0.01    4.9
2100 476415.000   4007343.7349  -4306338.0180  -2458854.7099   1  13   0.0077   0.0069   0.0046  -0.0062   0.0043  -0.0041   0.01    8.5
2100 476416.000   4007339.8839  -4306341.4846  -2458854.7941   1  13   0.0077   0.0069   0.0046  -0.0062   0.0043  -0.0042   0.01   11.2
2100 476417.000   4007336.0766  -4306344.9058  -2458854.7780   1  13   0.0077   0.0069   0.0046  -0.0062   0.0043  -0.0042   0.01   14.2
2100 476418.000   4007332.2833  -4306348.3081  -2458854.8849   1  13   0.0077   0.0069   0.0046  -0.0062   0.0043  -0.0042   0.01   16.2
2100 476419.000   4007328.6207  -4306351.6842  -2458854.9753   1  13   0.0077   0.0069   0.0046  -0.0062   0.0043  -0.0042   0.01   18.4
2100 476420.000   4007324.9903  -4306354.9808  -2458855.0128   1  13   0.0077   0.0069   0.0046  -0.0062   0.0043  -0.0042   0.01   19.5
2100 476421.000   4007321.3637  -4306358.3756  -2458854.9817   1  13   0.0077   0.0069   0.0046  -0.0062   0.0043  -0.0042   0.01   20.8
2100 476422.000   4007317.7162  -4306361.8293  -2458854.9278   1  13   0.0077   0.0069   0.0046  -0.0062   0.0043  -0.0042   0.01   21.9
2100 476423.000   4007314.0752  -4306365.2285  -2458854.8433   1  13   0.0077   0.0069   0.0046  -0.0062   0.0043  -0.0042   0.01   22.9
2100 476424.000   4007310.4307  -4306368.6007  -2458854.7931   1  13   0.0077   0.0069   0.0046  -0.0062   0.0043  -0.0042   0.01   23.9
2100 476425.000   4007306.8181  -4306371.9955  -2458854.7482   1  13   0.0077   0.0069   0.0046  -0.0062   0.0043  -0.0042   0.01   24.7
2100 476426.000   4007303.2056  -4306375.3955  -2458854.7506   1  13   0.0077   0.0069   0.0046  -0.0062   0.0043  -0.0042   0.01   26.0
2100 476427.000   4007299.5723  -4306378.7645  -2458854.7321   1  13   0.0077   0.0069   0.0046  -0.0062   0.0043  -0.0042   0.01   27.1
2100 476428.000   4007295.9215  -4306382.0685  -2458854.7468   1  13   0.0077   0.0069   0.0046  -0.0063   0.0043  -0.0042   0.01   28.1
2100 476429.000   4007292.3491  -4306385.3683  -2458854.7798   1  13   0.0077   0.0069   0.0046  -0.0063   0.0043  -0.0042   0.01   29.1
2100 476430.000   4007288.7198  -4306388.7367  -2458854.8105   1  13   0.0077   0.0069   0.0046  -0.0063   0.0043  -0.0042   0.01   29.9
2100 476431.000   4007285.0839  -4306392.1194  -2458854.8542   1  13   0.0077   0.0069   0.0046  -0.0063   0.0043  -0.0042   0.01   30.7
2100 476432.000   4007281.4305  -4306395.4927  -2458854.8823   1  13   0.0077   0.0069   0.0046  -0.0063   0.0043  -0.0042   0.01   31.8
2100 476433.000   4007277.7966  -4306398.8679  -2458854.8660   1  13   0.0077   0.0069   0.0046  -0.0063   0.0043  -0.0042   0.01   32.9
2100 476434.000   4007274.1720  -4306402.2040  -2458854.8219   1  13   0.0077   0.0069   0.0046  -0.0063   0.0043  -0.0042   0.01   33.8
2100 476435.000   4007270.5511  -4306405.5758  -2458854.8325   1  13   0.0077   0.0069   0.0046  -0.0063   0.0043  -0.0042   0.01   34.1
2100 476436.000   4007266.9403  -4306408.9656  -2458854.8665   1  13   0.0077   0.0069   0.0046  -0.0063   0.0043  -0.0042   0.01   35.0
2100 476437.000   4007263.3333  -4306412.3189  -2458854.8976   1  13   0.0077   0.0069   0.0046  -0.0063   0.0043  -0.0042   0.01   35.7
2100 476438.000   4007259.7140  -4306415.7368  -2458854.9273   1  13   0.0077   0.0069   0.0046  -0.0063   0.0043  -0.0042   0.01   37.1
2100 476439.000   4007256.0512  -4306419.1000  -2458854.9119   1  13   0.0077   0.0069   0.0046  -0.0063   0.0043  -0.0042   0.01   38.0
2100 476440.000   4007252.3947  -4306422.4837  -2458854.9149   1  13   0.0077   0.0069   0.0046  -0.0063   0.0043  -0.0042   0.01   39.1
2100 476441.000   4007248.7722  -4306425.8642  -2458854.9251   1  13   0.0077   0.0069   0.0046  -0.0063   0.0043  -0.0042   0.01   40.1
2100 476442.000   4007245.1558  -4306429.2362  -2458854.9307   1  13   0.0077   0.0069   0.0046  -0.0063   0.0043  -0.0042   0.01   40.7
2100 476443.000   4007241.5380  -4306432.5537  -2458854.9457   1  13   0.0077   0.0069   0.0046  -0.0063   0.0043  -0.0042   0.01   41.5
2100 476444.000   4007237.9485  -4306435.8540  -2458854.9928   1  13   0.0077   0.0069   0.0046  -0.0063   0.0043  -0.0042   0.01   42.3
2100 476445.000   4007234.2988  -4306439.2080  -2458855.0086   1  13   0.0077   0.0069   0.0046  -0.0063   0.0043  -0.0042   0.01   42.7
2100 476446.000   4007230.6400  -4306442.5867  -2458855.0208   1  13   0.0077   0.0069   0.0046  -0.0063   0.0043  -0.0042   0.01   43.7
2100 476447.000   4007226.9843  -4306445.9680  -2458855.0049   1  13   0.0077   0.0069   0.0046  -0.0063   0.0043  -0.0042   0.01   44.8
2100 476448.000   4007223.2907  -4306449.3873  -2458854.9825   1  13   0.0077   0.0069   0.0046  -0.0063   0.0043  -0.0042   0.01   45.7
2100 476449.000   4007219.6342  -4306452.8514  -2458854.9512   1  13   0.0077   0.0069   0.0046  -0.0063   0.0043  -0.0042   0.01   46.7
2100 476450.000   4007216.0094  -4306456.3120  -2458854.9707   1  13   0.0077   0.0069   0.0046  -0.0063   0.0043  -0.0042   0.01   47.9
2100 476451.000   4007212.4092  -4306459.7561  -2458854.9633   1  13   0.0077   0.0069   0.0046  -0.0063   0.0043  -0.0042   0.01   49.2
2100 476452.000   4007208.8136  -4306463.2135  -2458854.9357   1  13   0.0077   0.0069   0.0046  -0.0063   0.0043  -0.0042   0.01   49.8
2100 476453.000   4007205.2222  -4306466.5998  -2458854.8925   1  13   0.0077   0.0069   0.0046  -0.0063   0.0043  -0.0042   0.01   51.2
2100 476454.000   4007201.6570  -4306469.9605  -2458854.8432   1  13   0.0077   0.0069   0.0046  -0.0063   0.0043  -0.0042   0.01   52.1
2100 476455.000   4007198.0503  -4306473.3234  -2458854.8545   1  13   0.0077   0.0069   0.0046  -0.0063   0.0043  -0.0042   0.01   52.7
2100 476456.000   4007194.4082  -4306476.7070  -2458854.8639   1  13   0.0077   0.0069   0.0046  -0.0063   0.0043  -0.0042   0.01   53.2
2100 476457.000   4007190.7547  -4306480.0426  -2458854.8276   1  13   0.0077   0.0069   0.0046  -0.0063   0.0043  -0.0042   0.01   54.0
2100 476458.000   4007187.1054  -4306483.3804  -2458854.8096   1  13   0.0077   0.0069   0.0046  -0.0063   0.0043  -0.0042   0.01   54.8
2100 476459.000   4007183.4741  -4306486.7555  -2458854.7778   1  13   0.0077   0.0069   0.0046  -0.0063   0.0043  -0.0042   0.01   55.3
2100 476460.000   4007179.8396  -4306490.1421  -2458854.7245   1  13   0.0077   0.0069   0.0046  -0.0063   0.0043  -0.0042   0.01   55.8
2100 476461.000   4007176.2400  -4306493.5190  -2458854.7145   1  13   0.0077   0.0069   0.0046  -0.0063   0.0043  -0.0042   0.01   56.1
2100 476462.000   4007172.5979  -4306496.9260  -2458854.6758   1  13   0.0077   0.0069   0.0046  -0.0063   0.0043  -0.0042   0.01   56.5
2100 476463.000   4007168.9523  -4306500.3653  -2458854.6827   1  13   0.0077   0.0069   0.0046  -0.0063   0.0043  -0.0042   0.01   57.2
2100 476464.000   4007165.3353  -4306503.7493  -2458854.7145   1  13   0.0077   0.0069   0.0046  -0.0063   0.0043  -0.0042   0.01   58.0
2100 476465.000   4007161.7810  -4306507.1685  -2458854.6969   1  13   0.0077   0.0069   0.0046  -0.0063   0.0043  -0.0042   0.01   58.9
2100 476466.000   4007158.1829  -4306510.5223  -2458854.6662   1  13   0.0077   0.0069   0.0046  -0.0063   0.0043  -0.0042   0.01   59.3
2100 476467.000   4007154.5586  -4306513.8645  -2458854.6648   1  13   0.0077   0.0069   0.0046  -0.0063   0.0043  -0.0042   0.01   59.5
2100 476468.000   4007150.9292  -4306517.2312  -2458854.7119   1  13   0.0077   0.0069   0.0046  -0.0063   0.0043  -0.0042   0.01   60.8
2100 476469.000   4007147.2783  -4306520.6310  -2458854.8141   1  13   0.0077   0.0069   0.0046  -0.0063   0.0043  -0.0042   0.01   61.6
2100 476470.000   4007143.6298  -4306523.9862  -2458854.8493   1  13   0.0077   0.0070   0.0046  -0.0063   0.0044  -0.0042   0.01   61.4
2100 476471.000   4007140.0155  -4306527.3755  -2458854.8472   1  13   0.0077   0.0070   0.0046  -0.0063   0.0044  -0.0042   0.01   61.9
2100 476472.000   4007136.4145  -4306530.8009  -2458854.8233   1  13   0.0077   0.0070   0.0046  -0.0063   0.0044  -0.0042   0.01   62.1
2100 476473.000   4007132.8113  -4306534.1684  -2458854.8149   1  13   0.0077   0.0070   0.0046  -0.0063   0.0044  -0.0042   0.01   62.8
2100 476474.000   4007129.2078  -4306537.5218  -2458854.8157   1  13   0.0077   0.0070   0.0046  -0.0063   0.0044  -0.0042   0.01   62.9
2100 476475.000   4007125.5623  -4306540.8547  -2458854.7915   1  13   0.0077   0.0070   0.0046  -0.0063   0.0044  -0.0042   0.01   62.7
2100 476476.000   4007121.9312  -4306544.2383  -2458854.7894   1  13   0.0077   0.0070   0.0047  -0.0063   0.0045  -0.0042   0.01   62.5
2100 476477.000   4007118.2337  -4306547.6277  -2458854.7769   1  13   0.0077   0.0071   0.0048  -0.0063   0.0046  -0.0043   0.01   62.4
2100 476478.000   4007114.5596  -4306551.0520  -2458854.7926   1  13   0.0077   0.0071   0.0048  -0.0063   0.0046  -0.0043   0.01   62.6
2100 476479.000   4007110.9208  -4306554.3919  -2458854.8271   1  13   0.0077   0.0071   0.0048  -0.0063   0.0046  -0.0043   0.01   62.1
2100 476480.000   4007107.3032  -4306557.7454  -2458854.8462   1  13   0.0077   0.0069   0.0046  -0.0063   0.0043  -0.0042   0.01   62.1
2100 476481.000   4007103.6482  -4306561.1109  -2458854.8533   1  13   0.0077   0.0069   0.0046  -0.0063   0.0043  -0.0042   0.01   62.0
2100 476482.000   4007100.0150  -4306564.4591  -2458854.7937   1  13   0.0077   0.0070   0.0046  -0.0063   0.0044  -0.0042   0.01   62.0
2100 476483.000   4007096.4007  -4306567.8860  -2458854.7506   1  13   0.0077   0.0070   0.0046  -0.0063   0.0044  -0.0042   0.01   61.9
2100 476484.000   4007092.7543  -4306571.2813  -2458854.7185   1  13   0.0077   0.0070   0.0047  -0.0063   0.0044  -0.0042   0.01   62.0
2100 476485.000   4007089.1203  -4306574.6373  -2458854.7344   1  13   0.0077   0.0070   0.0047  -0.0063   0.0044  -0.0042   0.01   62.1
2100 476486.000   4007085.5251  -4306577.9630  -2458854.7627   1  13   0.0077   0.0070   0.0047  -0.0063   0.0044  -0.0042   0.01   62.5
2100 476487.000   4007081.8822  -4306581.2735  -2458854.7552   1  13   0.0077   0.0070   0.0047  -0.0063   0.0044  -0.0042   0.01   62.9
2100 476488.000   4007078.2148  -4306584.6371  -2458854.7576   1  13   0.0077   0.0071   0.0048  -0.0063   0.0045  -0.0042   0.01   63.4
2100 476489.000   4007074.5549  -4306588.0031  -2458854.7587   1  13   0.0078   0.0072   0.0049  -0.0064   0.0046  -0.0042   0.01   63.5
2100 476490.000   4007070.9273  -4306591.4374  -2458854.7790   1  13   0.0078   0.0072   0.0049  -0.0064   0.0046  -0.0042   0.01   63.9
2100 476491.000   4007067.2904  -4306594.8382  -2458854.7922   1  13   0.0078   0.0072   0.0049  -0.0064   0.0047  -0.0042   0.01   64.2
2100 476492.000   4007063.7194  -4306598.2383  -2458854.8117   1  13   0.0078   0.0073   0.0049  -0.0064   0.0047  -0.0042   0.01   64.2
2100 476493.000   4007060.0998  -4306601.5805  -2458854.8215   1  13   0.0078   0.0073   0.0049  -0.0064   0.0047  -0.0042   0.01   64.5
2100 476494.000   4007056.4809  -4306604.9604  -2458854.7977   1  13   0.0078   0.0074   0.0049  -0.0064   0.0047  -0.0042   0.01   64.8
2100 476495.000   4007052.8339  -4306608.3752  -2458854.7557   1  13   0.0078   0.0075   0.0050  -0.0065   0.0048  -0.0043   0.01   64.6
2100 476496.000   4007049.1675  -4306611.7561  -2458854.6879   1  13   0.0079   0.0075   0.0050  -0.0065   0.0048  -0.0043   0.01   65.3
2100 476497.000   4007045.5515  -4306615.1518  -2458854.6552   1  13   0.0082   0.0081   0.0053  -0.0066   0.0051  -0.0041   0.01   65.2
2100 476498.000   4007041.9537  -4306618.5308  -2458854.6638   1  13   0.0078   0.0070   0.0048  -0.0064   0.0044  -0.0041   0.01   65.6
2100 476499.000   4007038.4948  -4306621.7767  -2458854.6537   1  13   0.0079   0.0071   0.0048  -0.0064   0.0045  -0.0041   0.01   66.8
2100 476500.000   4007036.0265  -4306624.0433  -2458854.6496   1  13   0.0079   0.0075   0.0050  -0.0065   0.0047  -0.0042   0.01   66.9
2100 476501.000   4007034.3511  -4306625.6317  -2458854.6510   1  13   0.0080   0.0083   0.0057  -0.0066   0.0055  -0.0042   0.01   88.0
2100 476502.000   4007033.3557  -4306626.5631  -2458854.6414   1  13   0.0082   0.0084   0.0057  -0.0067   0.0055  -0.0042   0.01   89.3
2100 476503.000   4007033.1983  -4306626.7322  -2458854.7050   1  13   0.0082   0.0084   0.0057  -0.0068   0.0055  -0.0042   0.01  107.1
2100 476504.000   4007033.1062  -4306626.8566  -2458854.8403   1  13   0.0078   0.0076   0.0048  -0.0064   0.0047  -0.0043   0.01  106.3
2100 476505.000   4007032.8649  -4306627.3047  -2458854.4727   1  13   0.0077   0.0074   0.0047  -0.0064   0.0046  -0.0043   0.01  107.6
2100 476506.000   4007033.5284  -4306628.0594  -2458852.2108   1  13   0.0082   0.0074   0.0052  -0.0066   0.0047  -0.0041   0.01    4.1
2100 476507.000   4007034.7506  -4306629.1118  -2458848.2391   1  13   0.0082   0.0078   0.0053  -0.0068   0.0050  -0.0042   0.01    5.8
2100 476508.000   4007036.2298  -4306630.3703  -2458843.4846   1  13   0.0082   0.0074   0.0052  -0.0067   0.0047  -0.0041   0.01    7.3
2100 476509.000   4007037.7708  -4306631.6811  -2458838.5292   1  12   0.0083   0.0082   0.0054  -0.0069   0.0052  -0.0042   0.01   10.6
2100 476510.000   4007039.2545  -4306633.1220  -2458833.5771   1  12   0.0081   0.0081   0.0052  -0.0068   0.0051  -0.0043   0.01   11.2
2100 476511.000   4007040.6281  -4306634.5336  -2458828.6873   1  13   0.0082   0.0074   0.0050  -0.0067   0.0047  -0.0042   0.01    8.1
2100 476512.000   4007041.8525  -4306635.9005  -2458824.0695   1  12   0.0082   0.0082   0.0051  -0.0070   0.0051  -0.0044   0.01   11.9
2100 476513.000   4007043.0968  -4306637.2064  -2458819.6834   1  13   0.0080   0.0073   0.0048  -0.0066   0.0046  -0.0042   0.01    8.9
2100 476514.000   4007044.3288  -4306638.4825  -2458815.4520   1  13   0.0079   0.0074   0.0047  -0.0065   0.0046  -0.0043   0.01    8.1
2100 476515.000   4007045.5079  -4306639.8118  -2458811.3232   1  12   0.0079   0.0077   0.0047  -0.0066   0.0047  -0.0043   0.01    4.0
2100 476516.000   4007046.6958  -4306641.1544  -2458807.0458   1  12   0.0078   0.0080   0.0049  -0.0066   0.0050  -0.0044   0.01    3.9
2100 476517.000   4007047.9163  -4306642.5839  -2458802.6351   1  12   0.0078   0.0080   0.0049  -0.0066   0.0050  -0.0044   0.01    4.7
2100 476518.000   4007049.1644  -4306644.0340  -2458798.1230   1  12   0.0078   0.0080   0.0049  -0.0066   0.0050  -0.0044   0.01    5.1
2100 476519.000   4007050.4687  -4306645.4583  -2458793.6159   1  12   0.0078   0.0080   0.0049  -0.0066   0.0050  -0.0044   0.01    5.5
2100 476520.000   4007051.8144  -4306646.9200  -2458789.1099   1  12   0.0078   0.0080   0.0049  -0.0066   0.0050  -0.0044   0.01    5.9
2100 476521.000   4007053.1064  -4306648.3707  -2458784.5195   1  12   0.0078   0.0078   0.0048  -0.0066   0.0049  -0.0044   0.01    6.4
2100 476522.000   4007054.4103  -4306649.8420  -2458779.9507   1  12   0.0078   0.0078   0.0048  -0.0066   0.0048  -0.0044   0.01    6.8
2100 476523.000   4007055.7078  -4306651.2641  -2458775.3800   1  12   0.0078   0.0078   0.0047  -0.0066   0.0048  -0.0044   0.01    7.1
2100 476524.000   4007057.0255  -4306652.6381  -2458770.8656   1  12   0.0078   0.0077   0.0047  -0.0065   0.0047  -0.0043   0.01    3.4
2100 476525.000   4007058.3138  -4306654.0112  -2458766.3393   1  12   0.0078   0.0077   0.0047  -0.0065   0.0047  -0.0043   0.01    3.8
2100 476526.000   4007059.6359  -4306655.3843  -2458761.8051   1  12   0.0078   0.0077   0.0047  -0.0065   0.0047  -0.0043   0.01    4.2
2100 476527.000   4007060.9342  -4306656.7892  -2458757.2449   1  12   0.0078   0.0077   0.0047  -0.0065   0.0047  -0.0043   0.01    4.5
2100 476528.000   4007062.2354  -4306658.2454  -2458752.6777   1  12   0.0078   0.0077   0.0047  -0.0065   0.0047  -0.0043   0.01    4.9
2100 476529.000   4007063.5593  -4306659.7058  -2458748.1026   1  12   0.0078   0.0077   0.0047  -0.0065   0.0047  -0.0043   0.01    5.2
2100 476530.000   4007064.8160  -4306661.1348  -2458743.5326   1  12   0.0078   0.0077   0.0047  -0.0065   0.0047  -0.0043   0.01    5.5
2100 476531.000   4007066.0626  -4306662.5119  -2458738.9609   1  12   0.0078   0.0077   0.0047  -0.0065   0.0047  -0.0043   0.01    5.8
2100 476532.000   4007067.3382  -4306663.9581  -2458734.3767   1  12   0.0078   0.0077   0.0047  -0.0065   0.0047  -0.0043   0.01    6.1
2100 476533.000   4007068.6582  -4306665.3369  -2458729.8204   1  13   0.0078   0.0073   0.0046  -0.0064   0.0045  -0.0043   0.01    6.4
2100 476534.000   4007070.0147  -4306666.7290  -2458725.3040   1  13   0.0078   0.0072   0.0046  -0.0064   0.0045  -0.0043   0.01    6.7
2100 476535.000   4007071.2701  -4306668.1238  -2458720.9536   1  13   0.0077   0.0071   0.0046  -0.0064   0.0045  -0.0043   0.01    7.0
2100 476536.000   4007072.5753  -4306669.5865  -2458716.5202   1  13   0.0077   0.0071   0.0046  -0.0064   0.0045  -0.0043   0.01    7.3
2100 476537.000   4007073.9020  -4306671.0085  -2458711.9396   1  13   0.0077   0.0070   0.0047  -0.0063   0.0044  -0.0043   0.01    3.9
2100 476538.000   4007075.2787  -4306672.3990  -2458707.3897   1  13   0.0077   0.0071   0.0047  -0.0063   0.0045  -0.0043   0.01    4.4
2100 476539.000   4007076.5617  -4306673.6675  -2458702.7620   1  13   0.0077   0.0071   0.0048  -0.0064   0.0046  -0.0043   0.01    5.0
2100 476540.000   4007077.8343  -4306675.1138  -2458698.0967   1  13   0.0077   0.0071   0.0048  -0.0064   0.0046  -0.0043   0.01    5.4
2100 476541.000   4007079.1411  -4306676.6228  -2458693.2105   1  13   0.0077   0.0070   0.0046  -0.0063   0.0044  -0.0042   0.01    5.8
2100 476542.000   4007080.5425  -4306678.1515  -2458688.4179   1  13   0.0077   0.0070   0.0046  -0.0063   0.0044  -0.0042   0.01    6.3
2100 476543.000   4007081.8825  -4306679.5483  -2458683.9359   1  13   0.0077   0.0070   0.0046  -0.0063   0.0044  -0.0042   0.01    6.7
2100 476544.000   4007083.1694  -4306680.8693  -2458679.5342   1  13   0.0077   0.0070   0.0046  -0.0063   0.0044  -0.0042   0.01    7.1
2100 476545.000   4007084.3814  -4306682.2501  -2458675.1613   1  13   0.0077   0.0070   0.0046  -0.0063   0.0044  -0.0042   0.01    7.6
2100 476546.000   4007085.6584  -4306683.5795  -2458670.6984   1  13   0.0077   0.0070   0.0046  -0.0063   0.0044  -0.0042   0.01    8.0
2100 476547.000   4007086.9683  -4306684.9922  -2458666.1813   1  13   0.0077   0.0070   0.0046  -0.0063   0.0044  -0.0042   0.01    8.4
2100 476548.000   4007088.3207  -4306686.4447  -2458661.5571   1  13   0.0077   0.0070   0.0046  -0.0063   0.0044  -0.0042   0.01    8.8
2100 476549.000   4007089.6097  -4306687.8083  -2458656.9534   1  13   0.0077   0.0070   0.0046  -0.0063   0.0044  -0.0042   0.01    9.2
2100 476550.000   4007090.9205  -4306689.2451  -2458652.3790   1  13   0.0077   0.0070   0.0046  -0.0063   0.0044  -0.0042   0.01    9.6
2100 476551.000   4007092.2951  -4306690.5876  -2458647.8210   1  13   0.0078   0.0071   0.0046  -0.0064   0.0044  -0.0043   0.01   10.0
2100 476552.000   4007093.6086  -4306691.9640  -2458643.2148   1  13   0.0078   0.0073   0.0046  -0.0064   0.0045  -0.0043   0.01   10.3
2100 476553.000   4007094.9280  -4306693.3955  -2458638.6441   1  13   0.0078   0.0073   0.0046  -0.0064   0.0045  -0.0043   0.01   10.6
2100 476554.000   4007096.1777  -4306694.8377  -2458634.1096   1  13   0.0078   0.0074   0.0046  -0.0064   0.0045  -0.0043   0.01   11.0
2100 476555.000   4007097.4743  -4306696.2894  -2458629.4996   1  13   0.0078   0.0073   0.0046  -0.0064   0.0045  -0.0043   0.01   11.2
2100 476556.000   4007098.7741  -4306697.6800  -2458624.8854   1  13   0.0078   0.0074   0.0046  -0.0064   0.0045  -0.0043   0.01   11.4
2100 476557.000   4007100.0278  -4306699.0738  -2458620.3338   1  13   0.0078   0.0075   0.0046  -0.0064   0.0045  -0.0043   0.01   11.5
2100 476558.000   4007101.2448  -4306700.5035  -2458615.7812   1  13   0.0078   0.0075   0.0046  -0.0064   0.0045  -0.0043   0.01   11.7
2100 476559.000   4007102.5133  -4306701.9058  -2458611.2929   1  13   0.0078   0.0076   0.0047  -0.0064   0.0046  -0.0043   0.01   11.8
2100 476560.000   4007103.8293  -4306703.2960  -2458606.8268   1  13   0.0078   0.0073   0.0047  -0.0064   0.0046  -0.0043   0.01   11.9
2100 476561.000   4007105.1262  -4306704.7349  -2458602.3061   1  13   0.0078   0.0071   0.0046  -0.0063   0.0044  -0.0043   0.01   12.0
2100 476562.000   4007106.5286  -4306706.0781  -2458597.7349   1  13   0.0078   0.0076   0.0047  -0.0064   0.0047  -0.0043   0.01   12.1
2100 476563.000   4007107.8262  -4306707.4978  -2458593.2544   1  13   0.0078   0.0076   0.0047  -0.0064   0.0047  -0.0043   0.01   12.3
2100 476564.000   4007109.0574  -4306708.9762  -2458588.7304   1  13   0.0078   0.0080   0.0050  -0.0065   0.0051  -0.0044   0.01   12.1
2100 476565.000   4007110.3458  -4306710.4281  -2458584.1499   1  13   0.0078   0.0078   0.0049  -0.0064   0.0049  -0.0044   0.01   12.2
2100 476566.000   4007111.6077  -4306711.9024  -2458579.5749   1  13   0.0078   0.0078   0.0049  -0.0064   0.0049  -0.0044   0.01   12.3
2100 476567.000   4007113.0068  -4306713.4731  -2458574.8971   1  13   0.0078   0.0075   0.0049  -0.0065   0.0048  -0.0044   0.01   12.4
2100 476568.000   4007114.4010  -4306714.8336  -2458570.2143   1  13   0.0078   0.0071   0.0048  -0.0064   0.0046  -0.0043   0.01   12.5
2100 476569.000   4007115.8265  -4306716.3200  -2458565.5529   1  13   0.0078   0.0070   0.0046  -0.0063   0.0044  -0.0042   0.01   12.6
2100 476570.000   4007117.1754  -4306717.6087  -2458560.9887   1  13   0.0078   0.0070   0.0046  -0.0063   0.0044  -0.0042   0.01   12.7
2100 476571.000   4007118.4813  -4306718.9720  -2458556.5215   1  13   0.0078   0.0075   0.0049  -0.0065   0.0048  -0.0044   0.01   12.6
2100 476572.000   4007119.6978  -4306720.3670  -2458552.0352   1  13   0.0078   0.0075   0.0049  -0.0065   0.0048  -0.0044   0.01   15.0
2100 476573.000   4007120.8747  -4306721.8991  -2458547.4706   1  13   0.0078   0.0074   0.0048  -0.0065   0.0047  -0.0043   0.01   15.1
2100 476574.000   4007122.1675  -4306723.3418  -2458542.8244   1  13   0.0078   0.0078   0.0049  -0.0065   0.0049  -0.0044   0.01   15.2
2100 476575.000   4007123.4329  -4306724.8390  -2458538.1663   1  13   0.0078   0.0078   0.0049  -0.0065   0.0049  -0.0044   0.01   15.4
2100 476576.000   4007124.7176  -4306726.3193  -2458533.5049   1  13   0.0078   0.0078   0.0049  -0.0065   0.0049  -0.0044   0.01   29.4
2100 476577.000   4007126.0421  -4306727.7619  -2458528.9368   1  13   0.0078   0.0078   0.0049  -0.0065   0.0049  -0.0044   0.01   29.5
2100 476578.000   4007127.3131  -4306729.1589  -2458524.4537   1  13   0.0078   0.0078   0.0049  -0.0065   0.0049  -0.0044   0.01   29.5
2100 476579.000   4007128.6074  -4306730.5126  -2458520.0566   1  13   0.0078   0.0078   0.0049  -0.0065   0.0049  -0.0044   0.01   29.5
2100 476580.000   4007129.9410  -4306731.8794  -2458515.4266   1  13   0.0078   0.0077   0.0049  -0.0065   0.0049  -0.0044   0.01   29.5
2100 476581.000   4007131.3453  -4306733.3724  -2458510.6406   1  13   0.0078   0.0077   0.0049  -0.0065   0.0049  -0.0044   0.01   29.7
2100 476582.000   4007132.7467  -4306734.8296  -2458505.8678   1  13   0.0078   0.0076   0.0049  -0.0065   0.0049  -0.0044   0.01   29.9
2100 476583.000   4007134.1347  -4306736.1048  -2458501.3429   1  13   0.0078   0.0075   0.0048  -0.0064   0.0048  -0.0044   0.01   30.0
2100 476584.000   4007135.4364  -4306737.4176  -2458496.9167   1  13   0.0078   0.0074   0.0048  -0.0064   0.0047  -0.0043   0.01   30.2
2100 476585.000   4007136.7129  -4306738.7847  -2458492.4695   1  13   0.0078   0.0074   0.0048  -0.0064   0.0047  -0.0043   0.01   30.3
2100 476586.000   4007137.9947  -4306740.1402  -2458488.0105   1  13   0.0078   0.0073   0.0047  -0.0064   0.0046  -0.0043   0.01   30.3
2100 476587.000   4007139.3049  -4306741.5519  -2458483.4926   1  13   0.0078   0.0071   0.0047  -0.0064   0.0045  -0.0043   0.01    3.9
2100 476588.000   4007140.6015  -4306742.9203  -2458478.9638   1  13   0.0078   0.0071   0.0046  -0.0063   0.0045  -0.0043   0.01    4.3
2100 476589.000   4007141.8896  -4306744.2100  -2458474.5418   1  13   0.0078   0.0070   0.0046  -0.0064   0.0044  -0.0043   0.01    4.6
2100 476590.000   4007143.2227  -4306745.4846  -2458470.1220   1  13   0.0078   0.0071   0.0048  -0.0064   0.0045  -0.0042   0.01    5.0
2100 476591.000   4007144.4821  -4306746.9967  -2458465.5194   1  13   0.0078   0.0071   0.0048  -0.0064   0.0045  -0.0042   0.01    3.2
2100 476592.000   4007145.6256  -4306748.6174  -2458460.9292   1  13   0.0078   0.0071   0.0049  -0.0064   0.0046  -0.0042   0.01    3.5
2100 476593.000   4007146.8589  -4306750.1273  -2458456.1973   1  13   0.0079   0.0072   0.0054  -0.0064   0.0047  -0.0043   0.01    3.8
2100 476594.000   4007148.2257  -4306751.5021  -2458451.5824   1  13   0.0084   0.0074   0.0055  -0.0068   0.0047  -0.0044   0.01    4.1
2100 476595.000   4007149.5811  -4306752.7577  -2458447.1356   1  13   0.0080   0.0072   0.0055  -0.0064   0.0048  -0.0045   0.01    4.4
2100 476596.000   4007150.7273  -4306753.6925  -2458443.6197   1  13   0.0079   0.0070   0.0053  -0.0064   0.0044  -0.0044   0.01    4.5
2100 476597.000   4007151.5239  -4306754.3603  -2458441.2233   1  13   0.0079   0.0070   0.0053  -0.0064   0.0044  -0.0044   0.01    4.6
2100 476598.000   4007152.0371  -4306754.8036  -2458439.6755   1  13   0.0079   0.0070   0.0051  -0.0064   0.0044  -0.0044   0.01    8.2
2100 476599.000   4007152.2149  -4306754.9363  -2458439.2476   1  13   0.0079   0.0070   0.0047  -0.0064   0.0044  -0.0044   0.01    3.4
2100 476600.000   4007152.1460  -4306755.0330  -2458439.2188   1  13   0.0078   0.0070   0.0046  -0.0064   0.0044  -0.0043   0.01    4.6
2100 476601.000   4007152.0196  -4306755.0946  -2458439.2932   1  13   0.0078   0.0070   0.0046  -0.0064   0.0044  -0.0043   0.01    4.6
2100 476602.000   4007151.9714  -4306755.1363  -2458439.3753   1  13   0.0078   0.0070   0.0046  -0.0064   0.0044  -0.0043   0.01    5.3
2100 476603.000   4007151.9117  -4306755.1251  -2458439.4128   1  13   0.0078   0.0070   0.0046  -0.0064   0.0045  -0.0043   0.01    5.9
2100 476604.000   4007151.9369  -4306755.1037  -2458439.3920   1  13   0.0078   0.0071   0.0047  -0.0064   0.0045  -0.0043   0.01    6.5
2100 476605.000   4007151.9855  -4306755.1558  -2458439.3775   1  13   0.0078   0.0071   0.0047  -0.0064   0.0045  -0.0043   0.01    7.0
2100 476606.000   4007151.9190  -4306755.0631  -2458439.4758   1  13   0.0078   0.0072   0.0048  -0.0064   0.0046  -0.0043   0.01    7.7
2100 476607.000   4007151.6800  -4306755.1634  -2458439.5966   1  13   0.0079   0.0085   0.0050  -0.0067   0.0052  -0.0045   0.01    8.3
2100 476608.000   4007151.1252  -4306755.5833  -2458439.7933   1  13   0.0078   0.0073   0.0046  -0.0065   0.0045  -0.0043   0.01    9.7
2100 476609.000   4007151.2674  -4306755.1839  -2458440.5394   1  13   0.0078   0.0072   0.0046  -0.0064   0.0045  -0.0043   0.01   10.2
2100 476610.000   4007152.5996  -4306753.1475  -2458442.2920   1  13   0.0079   0.0072   0.0046  -0.0065   0.0045  -0.0043   0.01   10.8
2100 476611.000   4007154.9696  -4306749.4458  -2458445.1515   1  13   0.0079   0.0072   0.0046  -0.0065   0.0044  -0.0043   0.01   11.3
2100 476612.000   4007158.1643  -4306744.2156  -2458449.1567   1  13   0.0080   0.0071   0.0046  -0.0065   0.0044  -0.0043   0.01    4.2
2100 476613.000   4007161.9729  -4306737.7861  -2458454.1860   1  13   0.0082   0.0072   0.0046  -0.0067   0.0044  -0.0043   0.01    4.8
2100 476614.000   4007166.1791  -4306730.8057  -2458459.7620   1  13   0.0082   0.0074   0.0048  -0.0067   0.0046  -0.0044   0.01    5.3
2100 476615.000   4007170.5292  -4306723.6131  -2458465.3267   1  13   0.0078   0.0070   0.0046  -0.0064   0.0044  -0.0043   0.01    5.8
2100 476616.000   4007174.9068  -4306716.3883  -2458470.9956   1  13   0.0078   0.0070   0.0046  -0.0064   0.0044  -0.0043   0.01    6.4
2100 476617.000   4007179.1184  -4306709.1272  -2458476.9599   1  13   0.0078   0.0070   0.0046  -0.0064   0.0044  -0.0043   0.01    6.9
2100 476618.000   4007183.4559  -4306701.7688  -2458482.8395   1  13   0.0078   0.0070   0.0046  -0.0064   0.0044  -0.0043   0.01    7.4
2100 476619.000   4007187.7724  -4306694.4150  -2458488.5933   1  13   0.0078   0.0070   0.0046  -0.0064   0.0044  -0.0043   0.01    7.8
2100 476620.000   4007192.0399  -4306687.1798  -2458494.3811   1  13   0.0078   0.0070   0.0046  -0.0064   0.0044  -0.0043   0.01    8.2
2100 476621.000   4007196.2634  -4306679.9627  -2458499.9189   1  13   0.0078   0.0070   0.0046  -0.0064   0.0044  -0.0043   0.01    8.6
2100 476622.000   4007200.5890  -4306672.7160  -2458505.4449   1  13   0.0080   0.0072   0.0046  -0.0066   0.0044  -0.0043   0.01    9.1
2100 476623.000   4007204.7533  -4306665.5253  -2458511.0212   1  13   0.0081   0.0073   0.0047  -0.0067   0.0044  -0.0042   0.01    9.5
2100 476624.000   4007208.8998  -4306658.3515  -2458516.5384   1  13   0.0082   0.0073   0.0050  -0.0068   0.0044  -0.0043   0.01   10.0
2100 476625.000   4007212.9332  -4306651.3002  -2458522.0248   1  13   0.0084   0.0076   0.0054  -0.0070   0.0047  -0.0044   0.01   10.4
2100 476626.000   4007216.9046  -4306644.3301  -2458527.5582   1  13   0.0089   0.0079   0.0058  -0.0073   0.0049  -0.0047   0.01   10.8
2100 476627.000   4007220.9922  -4306637.3510  -2458533.0087   1  13   0.0089   0.0079   0.0058  -0.0073   0.0049  -0.0047   0.01   11.1
2100 476628.000   4007225.0923  -4306630.2865  -2458538.7103   1  13   0.0084   0.0074   0.0057  -0.0068   0.0048  -0.0045   0.01   11.7
2100 476629.000   4007229.2093  -4306623.0630  -2458544.3895   1  13   0.0084   0.0074   0.0057  -0.0068   0.0048  -0.0045   0.01   12.1
2100 476630.000   4007233.3317  -4306615.9459  -2458549.9382   1  13   0.0080   0.0072   0.0057  -0.0065   0.0047  -0.0045   0.01   12.6
2100 476631.000   4007237.4508  -4306608.9358  -2458555.5208   1  13   0.0080   0.0072   0.0057  -0.0065   0.0047  -0.0045   0.01   12.9
2100 476632.000   4007241.7584  -4306601.9591  -2458560.9961   1  13   0.0084   0.0072   0.0060  -0.0065   0.0048  -0.0050   0.01   13.3
2100 476633.000   4007245.7925  -4306594.9820  -2458566.6136   1  13   0.0084   0.0072   0.0060  -0.0065   0.0048  -0.0050   0.01   13.7
2100 476634.000   4007249.8303  -4306587.9255  -2458572.2007   1  13   0.0084   0.0070   0.0055  -0.0064   0.0044  -0.0048   0.01   14.1
2100 476635.000   4007253.9774  -4306580.9347  -2458577.9210   1  13   0.0084   0.0076   0.0053  -0.0065   0.0049  -0.0049   0.01   14.0
2100 476636.000   4007258.1759  -4306573.8138  -2458583.3399   1  13   0.0080   0.0080   0.0055  -0.0064   0.0052  -0.0040   0.01   14.0
2100 476637.000   4007262.7724  -4306566.5133  -2458589.1676   1  13   0.0080   0.0077   0.0060  -0.0066   0.0052  -0.0045   0.01   21.3
2100 476638.000   4007266.8874  -4306559.2749  -2458594.8965   1  13   0.0080   0.0078   0.0063  -0.0065   0.0052  -0.0044   0.01   21.5
2100 476639.000   4007270.7661  -4306552.7307  -2458600.2842   1  13   0.0081   0.0078   0.0062  -0.0065   0.0052  -0.0044   0.01   17.8
2100 476640.000   4007273.8978  -4306547.3468  -2458604.3825   1  13   0.0105   0.0080   0.0106  -0.0063   0.0051  -0.0085   0.01   17.9
2100 476641.000   4007275.9570  -4306543.6902  -2458607.1631   1  13   0.0091   0.0085   0.0099  -0.0068   0.0057  -0.0064   0.01   31.9
2100 476642.000   4007276.4759  -4306542.4426  -2458607.9663   1  13   0.0110   0.0088   0.0125  -0.0069   0.0054  -0.0093   0.01   31.9
2100 476643.000   4007276.5511  -4306542.3295  -2458608.0293   1  13   0.0145   0.0100   0.0134  -0.0091   0.0060  -0.0109   0.01    6.6
2100 476644.000   4007276.5909  -4306542.2557  -2458608.0805   1  13   0.0115   0.0099   0.0071  -0.0091   0.0064  -0.0068   0.01    6.6
2100 476645.000   4007276.4144  -4306542.4037  -2458607.8688   1  13   0.0110   0.0099   0.0065  -0.0090   0.0062  -0.0060   0.01    6.5
2100 476646.000   4007276.4031  -4306542.4073  -2458607.9270   1  13   0.0110   0.0099   0.0065  -0.0090   0.0062  -0.0060   0.01    6.3
2100 476647.000   4007276.2597  -4306542.5817  -2458607.7617   1  13   0.0079   0.0070   0.0047  -0.0064   0.0044  -0.0044   0.01    4.6
2100 476648.000   4007276.1599  -4306542.7483  -2458607.7127   1  13   0.0078   0.0070   0.0047  -0.0064   0.0044  -0.0043   0.01    6.3
2100 476649.000   4007276.1429  -4306542.8096  -2458607.6685   1  13   0.0078   0.0070   0.0046  -0.0064   0.0044  -0.0043   0.01    7.3
2100 476650.000   4007276.1949  -4306542.9152  -2458607.5611   1  13   0.0078   0.0070   0.0046  -0.0064   0.0044  -0.0043   0.01    8.4
2100 476651.000   4007276.2204  -4306542.9601  -2458607.5028   1  13   0.0078   0.0070   0.0046  -0.0064   0.0044  -0.0043   0.01   10.1
2100 476652.000   4007276.0974  -4306542.7530  -2458607.4129   1  13   0.0078   0.0070   0.0046  -0.0064   0.0044  -0.0043   0.01   10.9
2100 476653.000   4007275.3641  -4306541.9692  -2458606.9790   1  13   0.0078   0.0070   0.0046  -0.0064   0.0044  -0.0043   0.01   10.6
2100 476654.000   4007273.9583  -4306540.5605  -2458606.2263   1  13   0.0078   0.0070   0.0046  -0.0064   0.0044  -0.0043   0.01   11.4
2100 476655.000   4007272.1175  -4306538.6690  -2458605.2409   1  13   0.0078   0.0070   0.0046  -0.0064   0.0044  -0.0043   0.01   21.2
2100 476656.000   4007270.2319  -4306536.6708  -2458604.2060   1  13   0.0078   0.0070   0.0046  -0.0064   0.0044  -0.0043   0.01   28.9
2100 476657.000   4007268.3406  -4306534.5582  -2458603.1331   1  13   0.0078   0.0070   0.0046  -0.0064   0.0044  -0.0043   0.01   31.3
2100 476658.000   4007266.4907  -4306532.4675  -2458602.0068   1  13   0.0078   0.0070   0.0046  -0.0064   0.0044  -0.0043   0.01   38.0
2100 476659.000   4007264.7442  -4306530.2835  -2458600.8814   1  13   0.0078   0.0070   0.0046  -0.0064   0.0044  -0.0043   0.01   42.6
2100 476660.000   4007262.9590  -4306528.1198  -2458599.7102   1  13   0.0078   0.0070   0.0046  -0.0064   0.0044  -0.0043   0.01   46.3
2100 476661.000   4007261.1037  -4306526.0402  -2458598.5107   1  13   0.0078   0.0070   0.0046  -0.0064   0.0044  -0.0043   0.01   49.2
2100 476662.000   4007259.1539  -4306523.9939  -2458597.3146   1  13   0.0078   0.0070   0.0046  -0.0064   0.0044  -0.0043   0.01   53.1
2100 476663.000   4007257.2957  -4306522.0842  -2458595.8973   1  13   0.0078   0.0073   0.0046  -0.0065   0.0046  -0.0043   0.01   56.2
2100 476664.000   4007255.2794  -4306520.3529  -2458594.2630   1  13   0.0078   0.0070   0.0046  -0.0064   0.0044  -0.0043   0.01   58.3
2100 476665.000   4007253.2139  -4306518.5097  -2458593.1248   1  13   0.0078   0.0070   0.0046  -0.0064   0.0044  -0.0043   0.01   59.6
2100 476666.000   4007251.2808  -4306516.3172  -2458592.2172   1  13   0.0078   0.0070   0.0046  -0.0064   0.0044  -0.0043   0.01   61.3
2100 476667.000   4007249.3956  -4306514.2010  -2458591.1148   1  13   0.0078   0.0070   0.0046  -0.0064   0.0044  -0.0043   0.01   59.8
2100 476668.000   4007247.4771  -4306512.1107  -2458590.0405   1  13   0.0078   0.0070   0.0046  -0.0064   0.0044  -0.0043   0.01   60.4
2100 476669.000   4007245.6057  -4306510.0354  -2458589.0428   1  13   0.0078   0.0070   0.0046  -0.0064   0.0044  -0.0043   0.01   61.7
2100 476670.000   4007243.6966  -4306507.9531  -2458588.0576   1  13   0.0078   0.0070   0.0046  -0.0064   0.0044  -0.0043   0.01   62.6
2100 476671.000   4007241.8047  -4306505.9338  -2458587.0258   1  13   0.0078   0.0070   0.0046  -0.0064   0.0044  -0.0043   0.01   64.0
2100 476672.000   4007239.9334  -4306503.8886  -2458585.9594   1  13   0.0078   0.0070   0.0046  -0.0064   0.0044  -0.0043   0.01   65.1
2100 476673.000   4007238.0991  -4306501.8435  -2458584.8331   1  13   0.0078   0.0070   0.0046  -0.0064   0.0044  -0.0043   0.01   64.6
2100 476674.000   4007236.2429  -4306499.8279  -2458583.6131   1  13   0.0078   0.0070   0.0046  -0.0064   0.0044  -0.0043   0.01   64.3
2100 476675.000   4007234.3454  -4306497.9342  -2458582.3894   1  13   0.0078   0.0070   0.0046  -0.0064   0.0044  -0.0043   0.01   63.5
2100 476676.000   4007232.4764  -4306495.9846  -2458581.1292   1  13   0.0078   0.0070   0.0046  -0.0064   0.0044  -0.0043   0.01   62.5
2100 476677.000   4007230.6316  -4306493.9933  -2458579.8915   1  13   0.0078   0.0070   0.0046  -0.0064   0.0044  -0.0043   0.01   61.0
2100 476678.000   4007228.7900  -4306491.9439  -2458578.6917   1  13   0.0078   0.0070   0.0046  -0.0064   0.0044  -0.0043   0.01   59.5
2100 476679.000   4007226.8267  -4306489.9429  -2458577.4877   1  13   0.0078   0.0070   0.0046  -0.0064   0.0044  -0.0043   0.01   58.5
2100 476680.000   4007224.9269  -4306488.1033  -2458576.2761   1  13   0.0078   0.0070   0.0046  -0.0064   0.0044  -0.0043   0.01   56.4
2100 476681.000   4007223.2767  -4306486.4066  -2458575.1346   1  13   0.0078   0.0070   0.0046  -0.0064   0.0044  -0.0043   0.01   54.6
2100 476682.000   4007221.8200  -4306484.8035  -2458574.1448   1  13   0.0078   0.0071   0.0047  -0.0064   0.0045  -0.0043   0.01   54.0
2100 476683.000   4007220.4972  -4306483.3877  -2458573.3901   1  13   0.0078   0.0071   0.0047  -0.0064   0.0045  -0.0043   0.01   52.0
2100 476684.000   4007219.3473  -4306482.1251  -2458572.6816   1  13   0.0078   0.0071   0.0047  -0.0064   0.0045  -0.0043   0.01   50.3
2100 476685.000   4007218.3848  -4306480.9676  -2458572.0685   1  13   0.0078   0.0071   0.0047  -0.0064   0.0045  -0.0043   0.01   49.7
2100 476686.000   4007217.5289  -4306480.0025  -2458571.6145   1  13   0.0078   0.0071   0.0047  -0.0064   0.0045  -0.0043   0.01   49.4
2100 476687.000   4007216.7060  -4306479.1407  -2458571.2175   1  13   0.0078   0.0071   0.0047  -0.0064   0.0045  -0.0043   0.01   48.6
2100 476688.000   4007215.9899  -4306478.4548  -2458570.7926   1  13   0.0078   0.0071   0.0047  -0.0064   0.0045  -0.0043   0.01   47.1
2100 476689.000   4007215.4346  -4306477.7969  -2458570.3990   1  13   0.0078   0.0071   0.0047  -0.0064   0.0045  -0.0043   0.01   47.2
2100 476690.000   4007215.0226  -4306477.1554  -2458570.0578   1  12   0.0080   0.0071   0.0053  -0.0064   0.0044  -0.0038   0.01   40.8
2100 476691.000   4007214.6234  -4306476.5287  -2458569.7998   1  13   0.0078   0.0071   0.0047  -0.0064   0.0045  -0.0043   0.01   46.7
2100 476692.000   4007214.2879  -4306475.9923  -2458569.6443   1  13   0.0078   0.0071   0.0047  -0.0064   0.0045  -0.0043   0.01   47.1
2100 476693.000   4007213.8997  -4306475.6846  -2458569.3285   1  13   0.0078   0.0071   0.0047  -0.0064   0.0045  -0.0043   0.01   45.8
2100 476694.000   4007213.5208  -4306475.3914  -2458569.0870   1  13   0.0079   0.0072   0.0047  -0.0064   0.0045  -0.0043   0.01   46.0
2100 476695.000   4007213.3287  -4306475.0228  -2458568.7731   1  13   0.0079   0.0072   0.0048  -0.0064   0.0046  -0.0043   0.01   45.6
2100 476696.000   4007213.0275  -4306474.6742  -2458568.6624   1  13   0.0079   0.0072   0.0048  -0.0064   0.0046  -0.0043   0.01   46.1
2100 476697.000   4007212.5249  -4306474.4513  -2458568.6319   1  13   0.0079   0.0072   0.0048  -0.0065   0.0046  -0.0043   0.01   46.0
2100 476698.000   4007212.0823  -4306474.3124  -2458568.4843   1  13   0.0079   0.0073   0.0048  -0.0065   0.0047  -0.0043   0.01   46.7
2100 476699.000   4007211.7888  -4306474.0897  -2458568.2270   1  13   0.0079   0.0076   0.0050  -0.0066   0.0049  -0.0044   0.01   46.5
2100 476700.000   4007211.4386  -4306473.9803  -2458567.9182   1  13   0.0079   0.0077   0.0049  -0.0064   0.0048  -0.0043   0.01   46.0
2100 476701.000   4007211.1369  -4306473.7015  -2458567.7386   1  13   0.0079   0.0075   0.0050  -0.0065   0.0048  -0.0043   0.01   46.4
2100 476702.000   4007210.5616  -4306473.0626  -2458567.4103   1  13   0.0079   0.0074   0.0051  -0.0065   0.0049  -0.0043   0.01   46.4
2100 476703.000   4007209.8756  -4306472.3734  -2458566.9864   1  13   0.0079   0.0076   0.0053  -0.0066   0.0050  -0.0042   0.01   46.3
2100 476704.000   4007209.1032  -4306471.4242  -2458566.6435   1  13   0.0079   0.0076   0.0053  -0.0066   0.0050  -0.0042   0.01   47.5
2100 476705.000   4007208.3161  -4306470.4280  -2458566.0093   1  13   0.0079   0.0076   0.0053  -0.0066   0.0050  -0.0042   0.01   47.8
2100 476706.000   4007207.4243  -4306469.4333  -2458565.3221   1  12   0.0084   0.0076   0.0054  -0.0068   0.0050  -0.0042   0.01   50.3
2100 476707.000   4007206.7248  -4306468.6446  -2458564.8729   1  12   0.0084   0.0076   0.0054  -0.0068   0.0050  -0.0042   0.01   47.8
2100 476708.000   4007206.0666  -4306467.5919  -2458564.4409   1  12   0.0087   0.0080   0.0053  -0.0073   0.0050  -0.0044   0.01   47.4
2100 476709.000   4007205.3754  -4306466.7050  -2458564.0342   1  12   0.0086   0.0080   0.0051  -0.0073   0.0050  -0.0046   0.01    4.6
2100 476710.000   4007204.7414  -4306465.9649  -2458563.6858   1  12   0.0086   0.0080   0.0051  -0.0073   0.0050  -0.0046   0.01    5.7
2100 476711.000   4007204.2017  -4306465.3770  -2458563.3126   1  12   0.0083   0.0079   0.0051  -0.0071   0.0050  -0.0046   0.01    6.7
2100 476712.000   4007203.7997  -4306465.0087  -2458562.9614   1  12   0.0082   0.0077   0.0050  -0.0069   0.0050  -0.0045   0.01    7.9
2100 476713.000   4007203.3868  -4306464.7068  -2458562.7594   1  12   0.0081   0.0076   0.0050  -0.0068   0.0050  -0.0045   0.01    8.5
2100 476714.000   4007203.0331  -4306464.3665  -2458562.6013   1  12   0.0079   0.0074   0.0050  -0.0066   0.0049  -0.0045   0.01    3.3
2100 476715.000   4007202.7096  -4306464.0584  -2458562.4368   1  12   0.0079   0.0074   0.0050  -0.0066   0.0049  -0.0045   0.01    3.8
2100 476716.000   4007202.5258  -4306463.7922  -2458562.2761   1  12   0.0079   0.0074   0.0050  -0.0066   0.0049  -0.0045   0.01    4.2
2100 476717.000   4007202.3828  -4306463.5272  -2458562.2202   1  12   0.0079   0.0074   0.0050  -0.0066   0.0049  -0.0045   0.01    4.5
2100 476718.000   4007202.3389  -4306463.4584  -2458562.1089   1  12   0.0079   0.0074   0.0050  -0.0066   0.0049  -0.0045   0.01    4.9
2100 476719.000   4007202.3198  -4306463.4451  -2458562.1320   1  12   0.0079   0.0074   0.0050  -0.0066   0.0049  -0.0045   0.01    5.1
2100 476720.000   4007202.3221  -4306463.4445  -2458562.1309   1  13   0.0078   0.0073   0.0048  -0.0064   0.0047  -0.0043   0.01    5.3
2100 476721.000   4007202.3174  -4306463.4422  -2458562.1266   1  13   0.0078   0.0072   0.0047  -0.0064   0.0046  -0.0042   0.01    5.5
2100 476722.000   4007202.3176  -4306463.4408  -2458562.1229   1  12   0.0079   0.0074   0.0050  -0.0066   0.0049  -0.0045   0.01    5.7
2100 476723.000   4007202.3140  -4306463.4370  -2458562.1244   1  13   0.0078   0.0072   0.0046  -0.0064   0.0046  -0.0042   0.01    5.8
2100 476724.000   4007202.3165  -4306463.4393  -2458562.1231   1  13   0.0078   0.0072   0.0046  -0.0064   0.0046  -0.0042   0.01    5.9
2100 476725.000   4007202.3186  -4306463.4410  -2458562.1246   1  13   0.0078   0.0072   0.0046  -0.0064   0.0046  -0.0041   0.01    6.0
2100 476726.000   4007202.3131  -4306463.4387  -2458562.1237   1  13   0.0078   0.0072   0.0046  -0.0064   0.0046  -0.0041   0.01    6.1
2100 476727.000   4007202.3143  -4306463.4401  -2458562.1231   1  13   0.0077   0.0072   0.0046  -0.0063   0.0045  -0.0041   0.01    3.1
2100 476728.000   4007202.3214  -4306463.4425  -2458562.1261   1  13   0.0077   0.0072   0.0046  -0.0063   0.0045  -0.0041   0.01    3.3
2100 476729.000   4007202.3198  -4306463.4422  -2458562.1240   1  13   0.0077   0.0072   0.0046  -0.0063   0.0045  -0.0041   0.01    3.5
2100 476730.000   4007202.3168  -4306463.4415  -2458562.1215   1  13   0.0077   0.0072   0.0046  -0.0063   0.0045  -0.0041   0.01    3.6
2100 476731.000   4007202.3182  -4306463.4415  -2458562.1242   1  13   0.0077   0.0072   0.0046  -0.0063   0.0045  -0.0041   0.01    3.8
2100 476732.000   4007202.3136  -4306463.4357  -2458562.1222   1  12   0.0079   0.0074   0.0050  -0.0066   0.0049  -0.0045   0.01    6.4
2100 476733.000   4007202.3130  -4306463.4371  -2458562.1222   1  12   0.0079   0.0074   0.0050  -0.0066   0.0049  -0.0045   0.01    6.4
2100 476734.000   4007202.3141  -4306463.4394  -2458562.1237   1  12   0.0079   0.0074   0.0050  -0.0066   0.0049  -0.0045   0.01    6.4
2100 476735.000   4007202.3108  -4306463.4403  -2458562.1247   1  12   0.0079   0.0074   0.0050  -0.0066   0.0049  -0.0045   0.01    6.4
2100 476736.000   4007202.3134  -4306463.4385  -2458562.1207   1  13   0.0078   0.0072   0.0046  -0.0063   0.0045  -0.0041   0.01    3.6
2100 476737.000   4007202.3170  -4306463.4438  -2458562.1245   1  12   0.0079   0.0074   0.0050  -0.0066   0.0049  -0.0045   0.01    6.5
2100 476738.000   4007202.3171  -4306463.4403  -2458562.1209   1  13   0.0078   0.0072   0.0046  -0.0063   0.0045  -0.0041   0.01    3.6
2100 476739.000   4007202.3150  -4306463.4378  -2458562.1217   1  13   0.0078   0.0072   0.0046  -0.0063   0.0045  -0.0041   0.01    3.8
2100 476740.000   4007202.3166  -4306463.4394  -2458562.1210   1  13   0.0078   0.0072   0.0046  -0.0064   0.0045  -0.0041   0.01    3.9
2100 476741.000   4007202.3177  -4306463.4410  -2458562.1233   1  13   0.0078   0.0072   0.0046  -0.0064   0.0045  -0.0041   0.01    4.0
2100 476742.000   4007202.3187  -4306463.4458  -2458562.1219   1  13   0.0078   0.0072   0.0046  -0.0064   0.0045  -0.0041   0.01    4.2
2100 476743.000   4007202.3189  -4306463.4433  -2458562.1224   1  13   0.0078   0.0072   0.0046  -0.0064   0.0045  -0.0041   0.01    4.3
2100 476744.000   4007202.3187  -4306463.4445  -2458562.1236   1  13   0.0078   0.0072   0.0046  -0.0064   0.0046  -0.0042   0.01    4.4
2100 476745.000   4007202.3204  -4306463.4432  -2458562.1240   1  13   0.0078   0.0072   0.0046  -0.0064   0.0046  -0.0042   0.01    4.5
2100 476746.000   4007202.3176  -4306463.4420  -2458562.1252   1  12   0.0079   0.0074   0.0050  -0.0066   0.0049  -0.0045   0.01    6.8
2100 476747.000   4007202.3201  -4306463.4404  -2458562.1250   1  13   0.0078   0.0072   0.0047  -0.0064   0.0046  -0.0042   0.01    4.6
2100 476748.000   4007202.3218  -4306463.4406  -2458562.1252   1  12   0.0079   0.0074   0.0050  -0.0066   0.0050  -0.0045   0.01    6.9
2100 476749.000   4007202.3239  -4306463.4461  -2458562.1279   1  13   0.0078   0.0073   0.0048  -0.0064   0.0047  -0.0043   0.01    4.7
2100 476750.000   4007202.3180  -4306463.4408  -2458562.1270   1  12   0.0079   0.0074   0.0050  -0.0066   0.0050  -0.0045   0.01    7.0
2100 476751.000   4007202.3196  -4306463.4392  -2458562.1263   1  12   0.0079   0.0074   0.0050  -0.0066   0.0050  -0.0045   0.01    7.1
2100 476752.000   4007202.3176  -4306463.4377  -2458562.1249   1  12   0.0079   0.0074   0.0050  -0.0066   0.0050  -0.0045   0.01    7.2
2100 476753.000   4007202.3198  -4306463.4393  -2458562.1254   1  12   0.0079   0.0074   0.0050  -0.0066   0.0050  -0.0045   0.01    7.2
2100 476754.000   4007202.3226  -4306463.4435  -2458562.1283   1  12   0.0079   0.0074   0.0050  -0.0066   0.0050  -0.0045   0.01    7.3
2100 476755.000   4007202.3227  -4306463.4417  -2458562.1249   1  12   0.0079   0.0074   0.0050  -0.0066   0.0050  -0.0045   0.01    7.4
2100 476756.000   4007202.3243  -4306463.4417  -2458562.1279   1  12   0.0079   0.0074   0.0050  -0.0066   0.0050  -0.0045   0.01    7.5
2100 476757.000   4007202.3243  -4306463.4498  -2458562.1299   1  12   0.0079   0.0074   0.0050  -0.0066   0.0050  -0.0045   0.01    7.5
2100 476758.000   4007202.3233  -4306463.4421  -2458562.1260   1  12   0.0079   0.0074   0.0050  -0.0066   0.0050  -0.0045   0.01    7.6
2100 476759.000   4007202.3242  -4306463.4419  -2458562.1254   1  12   0.0079   0.0074   0.0050  -0.0066   0.0050  -0.0045   0.01    7.7
2100 476760.000   4007202.3225  -4306463.4358  -2458562.1258   1  12   0.0079   0.0074   0.0050  -0.0066   0.0050  -0.0045   0.01    7.8
2100 476761.000   4007202.3217  -4306463.4347  -2458562.1232   1  12   0.0079   0.0074   0.0050  -0.0066   0.0050  -0.0045   0.01    7.8
2100 476762.000   4007202.3247  -4306463.4428  -2458562.1283   1  12   0.0079   0.0074   0.0050  -0.0066   0.0050  -0.0045   0.01    7.9
2100 476763.000   4007202.3250  -4306463.4457  -2458562.1286   1  12   0.0079   0.0074   0.0050  -0.0066   0.0050  -0.0045   0.01    7.9
2100 476764.000   4007202.3259  -4306463.4482  -2458562.1285   1  12   0.0079   0.0074   0.0050  -0.0066   0.0050  -0.0045   0.01    8.0
2100 476765.000   4007202.3265  -4306463.4442  -2458562.1285   1  12   0.0079   0.0074   0.0050  -0.0066   0.0050  -0.0045   0.01    8.0
2100 476766.000   4007202.3237  -4306463.4419  -2458562.1279   1  12   0.0079   0.0074   0.0050  -0.0066   0.0050  -0.0045   0.01    8.0
2100 476767.000   4007202.3270  -4306463.4428  -2458562.1260   1  12   0.0079   0.0074   0.0050  -0.0066   0.0050  -0.0045   0.01    8.0
2100 476768.000   4007202.3310  -4306463.4459  -2458562.1280   1  12   0.0079   0.0074   0.0050  -0.0066   0.0050  -0.0045   0.01    8.1
2100 476769.000   4007202.3252  -4306463.4391  -2458562.1257   1  12   0.0079   0.0074   0.0050  -0.0066   0.0050  -0.0045   0.01    8.1
2100 476770.000   4007202.3247  -4306463.4417  -2458562.1263   1  12   0.0079   0.0074   0.0050  -0.0066   0.0050  -0.0045   0.01    8.2
2100 476771.000   4007202.3284  -4306463.4428  -2458562.1267   1  12   0.0079   0.0074   0.0050  -0.0066   0.0050  -0.0045   0.01    8.2
2100 476772.000   4007202.3271  -4306463.4388  -2458562.1245   1  12   0.0079   0.0074   0.0050  -0.0066   0.0050  -0.0045   0.01    8.3
2100 476773.000   4007202.3278  -4306463.4404  -2458562.1254   1  12   0.0079   0.0074   0.0050  -0.0066   0.0050  -0.0045   0.01    8.3
2100 476774.000   4007202.3254  -4306463.4380  -2458562.1243   1  13   0.0079   0.0073   0.0048  -0.0065   0.0047  -0.0043   0.01    8.4
2100 476775.000   4007202.3270  -4306463.4402  -2458562.1239   1  13   0.0078   0.0073   0.0047  -0.0064   0.0046  -0.0042   0.01    8.4
2100 476776.000   4007202.3248  -4306463.4378  -2458562.1253   1  13   0.0078   0.0073   0.0047  -0.0064   0.0046  -0.0042   0.01    8.5
2100 476777.000   4007202.3261  -4306463.4431  -2458562.1273   1  13   0.0078   0.0073   0.0046  -0.0064   0.0046  -0.0042   0.01    8.5
2100 476778.000   4007202.3255  -4306463.4437  -2458562.1259   1  13   0.0078   0.0072   0.0046  -0.0064   0.0046  -0.0042   0.01    8.6
2100 476779.000   4007202.3219  -4306463.4417  -2458562.1258   1  12   0.0079   0.0075   0.0050  -0.0066   0.0050  -0.0045   0.01    8.6
2100 476780.000   4007202.3229  -4306463.4396  -2458562.1232   1  12   0.0079   0.0075   0.0050  -0.0066   0.0050  -0.0045   0.01    8.7
2100 476781.000   4007202.3226  -4306463.4421  -2458562.1238   1  12   0.0079   0.0075   0.0050  -0.0066   0.0050  -0.0045   0.01    8.7
2100 476782.000   4007202.3223  -4306463.4376  -2458562.1222   1  12   0.0079   0.0075   0.0050  -0.0066   0.0050  -0.0045   0.01    8.8
2100 476783.000   4007202.3251  -4306463.4425  -2458562.1255   1  13   0.0078   0.0073   0.0046  -0.0064   0.0046  -0.0042   0.01    8.8
2100 476784.000   4007202.3268  -4306463.4425  -2458562.1241   1  12   0.0079   0.0075   0.0050  -0.0066   0.0050  -0.0045   0.01    8.9
2100 476785.000   4007202.3257  -4306463.4435  -2458562.1267   1  12   0.0079   0.0075   0.0050  -0.0066   0.0050  -0.0045   0.01    8.9
2100 476786.000   4007202.3253  -4306463.4409  -2458562.1248   1  13   0.0078   0.0073   0.0046  -0.0064   0.0046  -0.0042   0.01    8.9
2100 476787.000   4007202.3221  -4306463.4372  -2458562.1217   1  13   0.0078   0.0073   0.0047  -0.0064   0.0046  -0.0042   0.01    9.0
2100 476788.000   4007202.3244  -4306463.4379  -2458562.1240   1  13   0.0078   0.0073   0.0047  -0.0064   0.0047  -0.0042   0.01    9.0
2100 476789.000   4007202.3231  -4306463.4393  -2458562.1224   1  12   0.0079   0.0075   0.0050  -0.0066   0.0050  -0.0045   0.01    9.0
2100 476790.000   4007202.3238  -4306463.4402  -2458562.1216   1  13   0.0079   0.0073   0.0048  -0.0065   0.0047  -0.0043   0.01    9.1
2100 476791.000   4007202.3206  -4306463.4369  -2458562.1211   1  12   0.0079   0.0075   0.0050  -0.0066   0.0050  -0.0045   0.01    9.1
2100 476792.000   4007202.3257  -4306463.4412  -2458562.1229   1  12   0.0079   0.0075   0.0050  -0.0066   0.0050  -0.0045   0.01    9.1
2100 476793.000   4007202.3245  -4306463.4401  -2458562.1226   1  12   0.0079   0.0075   0.0050  -0.0066   0.0050  -0.0045   0.01    9.2
2100 476794.000   4007202.3246  -4306463.4401  -2458562.1227   1  12   0.0079   0.0075   0.0050  -0.0066   0.0050  -0.0045   0.01    9.2
2100 476795.000   4007202.3212  -4306463.4382  -2458562.1217   1  12   0.0079   0.0075   0.0050  -0.0066   0.0050  -0.0045   0.01    9.3
2100 476796.000   4007202.3256  -4306463.4384  -2458562.1227   1  12   0.0079   0.0075   0.0050  -0.0066   0.0050  -0.0045   0.01    9.3
2100 476797.000   4007202.3262  -4306463.4409  -2458562.1237   1  12   0.0079   0.0075   0.0050  -0.0066   0.0050  -0.0045   0.01    9.3
2100 476798.000   4007202.3229  -4306463.4355  -2458562.1214   1  12   0.0079   0.0075   0.0050  -0.0066   0.0050  -0.0045   0.01    9.4
2100 476799.000   4007202.3230  -4306463.4375  -2458562.1228   1  12   0.0079   0.0075   0.0051  -0.0066   0.0050  -0.0045   0.01    9.4
2100 476800.000   4007202.3213  -4306463.4364  -2458562.1238   1  12   0.0079   0.0075   0.0051  -0.0066   0.0050  -0.0045   0.01    9.4
2100 476801.000   4007202.3245  -4306463.4362  -2458562.1239   1  12   0.0079   0.0075   0.0051  -0.0066   0.0050  -0.0045   0.01    9.5
2100 476802.000   4007202.3202  -4306463.4345  -2458562.1221   1  12   0.0079   0.0075   0.0051  -0.0066   0.0050  -0.0045   0.01    9.5
2100 476803.000   4007202.3238  -4306463.4376  -2458562.1228   1  12   0.0079   0.0075   0.0051  -0.0066   0.0050  -0.0045   0.01    9.5
2100 476804.000   4007202.3195  -4306463.4371  -2458562.1224   1  12   0.0079   0.0075   0.0051  -0.0066   0.0050  -0.0045   0.01    9.6
2100 476805.000   4007202.3188  -4306463.4361  -2458562.1227   1  12   0.0079   0.0075   0.0051  -0.0066   0.0050  -0.0045   0.01    9.6
2100 476806.000   4007202.3208  -4306463.4386  -2458562.1228   1  12   0.0080   0.0075   0.0051  -0.0066   0.0050  -0.0045   0.01    9.6
2100 476807.000   4007202.3218  -4306463.4389  -2458562.1263   1  12   0.0080   0.0075   0.0051  -0.0066   0.0050  -0.0045   0.01    9.6
2100 476808.000   4007202.3212  -4306463.4362  -2458562.1233   1  12   0.0080   0.0075   0.0051  -0.0066   0.0050  -0.0045   0.01    9.7
2100 476809.000   4007202.3200  -4306463.4362  -2458562.1246   1  12   0.0080   0.0075   0.0051  -0.0066   0.0050  -0.0045   0.01    9.7
2100 476810.000   4007202.3200  -4306463.4335  -2458562.1228   1  12   0.0080   0.0075   0.0051  -0.0066   0.0050  -0.0045   0.01    9.7
2100 476811.000   4007202.3207  -4306463.4365  -2458562.1265   1  12   0.0080   0.0075   0.0051  -0.0066   0.0050  -0.0045   0.01    9.8
2100 476812.000   4007202.3199  -4306463.4360  -2458562.1244   1  12   0.0080   0.0075   0.0051  -0.0066   0.0050  -0.0045   0.01    9.8
2100 476813.000   4007202.3184  -4306463.4307  -2458562.1225   1  12   0.0080   0.0075   0.0051  -0.0066   0.0050  -0.0045   0.01    9.9
2100 476814.000   4007202.3200  -4306463.4358  -2458562.1254   1  12   0.0080   0.0075   0.0051  -0.0066   0.0050  -0.0045   0.01    9.9
2100 476815.000   4007202.3201  -4306463.4371  -2458562.1265   1  12   0.0080   0.0075   0.0051  -0.0066   0.0050  -0.0045   0.01   10.0
2100 476816.000   4007202.3193  -4306463.4384  -2458562.1249   1  12   0.0080   0.0075   0.0051  -0.0066   0.0050  -0.0045   0.01   10.0
2100 476817.000   4007202.3193  -4306463.4397  -2458562.1257   1  12   0.0080   0.0075   0.0051  -0.0066   0.0050  -0.0045   0.01   10.0
2100 476818.000   4007202.3207  -4306463.4372  -2458562.1248   1  12   0.0080   0.0075   0.0051  -0.0066   0.0050  -0.0045   0.01   10.0
2100 476819.000   4007202.3165  -4306463.4338  -2458562.1234   1  12   0.0080   0.0075   0.0051  -0.0066   0.0050  -0.0045   0.01   10.1
2100 476820.000   4007202.3190  -4306463.4326  -2458562.1235   1  12   0.0080   0.0075   0.0051  -0.0066   0.0050  -0.0045   0.01   10.1
2100 476821.000   4007202.3166  -4306463.4327  -2458562.1239   1  12   0.0080   0.0075   0.0051  -0.0066   0.0050  -0.0045   0.01   10.1
2100 476822.000   4007202.3183  -4306463.4314  -2458562.1227   1  12   0.0080   0.0075   0.0051  -0.0066   0.0050  -0.0045   0.01   10.1
2100 476823.000   4007202.3162  -4306463.4362  -2458562.1252   1  12   0.0080   0.0075   0.0051  -0.0066   0.0050  -0.0045   0.01   10.2
2100 476824.000   4007202.3171  -4306463.4335  -2458562.1237   1  12   0.0080   0.0075   0.0051  -0.0066   0.0050  -0.0046   0.01   10.2
2100 476825.000   4007202.3178  -4306463.4330  -2458562.1219   1  12   0.0080   0.0075   0.0051  -0.0066   0.0050  -0.0046   0.01   10.2
2100 476826.000   4007202.3161  -4306463.4274  -2458562.1196   1  12   0.0080   0.0075   0.0051  -0.0066   0.0050  -0.0046   0.01   10.3
2100 476827.000   4007202.3198  -4306463.4262  -2458562.1218   1  12   0.0080   0.0075   0.0051  -0.0066   0.0050  -0.0046   0.01   10.3
2100 476828.000   4007202.3199  -4306463.4301  -2458562.1244   1  12   0.0080   0.0075   0.0051  -0.0066   0.0050  -0.0046   0.01   10.3
2100 476829.000   4007202.3186  -4306463.4294  -2458562.1224   1  12   0.0080   0.0075   0.0051  -0.0066   0.0050  -0.0046   0.01   10.4
2100 476830.000   4007202.3151  -4306463.4283  -2458562.1226   1  12   0.0080   0.0075   0.0051  -0.0066   0.0050  -0.0046   0.01   10.4
2100 476831.000   4007202.3209  -4306463.4321  -2458562.1242   1  12   0.0080   0.0075   0.0051  -0.0066   0.0050  -0.0046   0.01   10.5
2100 476832.000   4007202.3195  -4306463.4309  -2458562.1252   1  12   0.0080   0.0075   0.0051  -0.0066   0.0050  -0.0046   0.01   10.5
2100 476833.000   4007202.3154  -4306463.4288  -2458562.1237   1  12   0.0080   0.0075   0.0051  -0.0066   0.0050  -0.0046   0.01   10.6
2100 476834.000   4007202.3155  -4306463.4331  -2458562.1251   1  12   0.0080   0.0075   0.0051  -0.0066   0.0050  -0.0046   0.01   10.6
2100 476835.000   4007202.3183  -4306463.4318  -2458562.1229   1  12   0.0080   0.0075   0.0051  -0.0066   0.0050  -0.0046   0.01   10.6
2100 476836.000   4007202.3166  -4306463.4289  -2458562.1237   1  12   0.0080   0.0075   0.0051  -0.0066   0.0050  -0.0046   0.01   10.6
2100 476837.000   4007202.3190  -4306463.4300  -2458562.1204   1  12   0.0080   0.0075   0.0051  -0.0066   0.0050  -0.0046   0.01   10.6
2100 476838.000   4007202.3145  -4306463.4284  -2458562.1208   1  12   0.0080   0.0075   0.0051  -0.0066   0.0050  -0.0046   0.01   10.7
2100 476839.000   4007202.3199  -4306463.4342  -2458562.1261   1  12   0.0080   0.0075   0.0051  -0.0066   0.0050  -0.0046   0.01   10.6
2100 476840.000   4007202.3176  -4306463.4324  -2458562.1250   1  12   0.0080   0.0075   0.0051  -0.0066   0.0050  -0.0046   0.01   10.6
2100 476841.000   4007202.3190  -4306463.4325  -2458562.1242   1  12   0.0080   0.0075   0.0051  -0.0066   0.0050  -0.0046   0.01   10.7
2100 476842.000   4007202.3200  -4306463.4365  -2458562.1261   1  12   0.0080   0.0075   0.0051  -0.0066   0.0050  -0.0046   0.01   10.6
2100 476843.000   4007202.3183  -4306463.4305  -2458562.1244   1  12   0.0080   0.0075   0.0051  -0.0066   0.0050  -0.0046   0.01   10.6
2100 476844.000   4007202.3211  -4306463.4338  -2458562.1275   1  12   0.0080   0.0075   0.0051  -0.0066   0.0050  -0.0046   0.01   10.6
2100 476845.000   4007202.3195  -4306463.4353  -2458562.1262   1  12   0.0080   0.0075   0.0051  -0.0066   0.0050  -0.0046   0.01   10.6
2100 476846.000   4007202.3213  -4306463.4368  -2458562.1273   1  12   0.0080   0.0075   0.0051  -0.0066   0.0050  -0.0046   0.01   10.6
2100 476847.000   4007202.3221  -4306463.4351  -2458562.1281   1  12   0.0080   0.0075   0.0051  -0.0066   0.0050  -0.0046   0.01   10.6
2100 476848.000   4007202.3228  -4306463.4362  -2458562.1271   1  12   0.0080   0.0075   0.0051  -0.0066   0.0050  -0.0046   0.01   10.5
2100 476849.000   4007202.3209  -4306463.4341  -2458562.1266   1  12   0.0080   0.0075   0.0051  -0.0066   0.0050  -0.0046   0.01   10.5
2100 476850.000   4007202.3197  -4306463.4321  -2458562.1252   1  12   0.0080   0.0075   0.0051  -0.0066   0.0050  -0.0046   0.01   10.5
2100 476851.000   4007202.3231  -4306463.4353  -2458562.1281   1  12   0.0080   0.0075   0.0051  -0.0066   0.0050  -0.0046   0.01   10.5
2100 476852.000   4007202.3259  -4306463.4375  -2458562.1293   1  12   0.0080   0.0075   0.0051  -0.0066   0.0050  -0.0046   0.01   10.5
2100 476853.000   4007202.3248  -4306463.4382  -2458562.1295   1  12   0.0080   0.0075   0.0051  -0.0066   0.0050  -0.0046   0.01   10.5
2100 476854.000   4007202.3227  -4306463.4354  -2458562.1301   1  12   0.0080   0.0075   0.0051  -0.0066   0.0050  -0.0046   0.01   10.5
2100 476855.000   4007202.3214  -4306463.4301  -2458562.1253   1  12   0.0080   0.0075   0.0051  -0.0066   0.0050  -0.0046   0.01   10.6
2100 476856.000   4007202.3232  -4306463.4345  -2458562.1276   1  12   0.0080   0.0075   0.0051  -0.0066   0.0050  -0.0046   0.01   10.6
2100 476857.000   4007202.3248  -4306463.4367  -2458562.1275   1  12   0.0080   0.0075   0.0051  -0.0066   0.0050  -0.0046   0.01   10.6
2100 476858.000   4007202.3249  -4306463.4368  -2458562.1283   1  12   0.0080   0.0075   0.0051  -0.0066   0.0050  -0.0046   0.01   10.6
2100 476859.000   4007202.3196  -4306463.4347  -2458562.1277   1  12   0.0080   0.0075   0.0051  -0.0066   0.0050  -0.0046   0.01   10.6
2100 476860.000   4007202.3212  -4306463.4339  -2458562.1275   1  12   0.0080   0.0075   0.0051  -0.0066   0.0050  -0.0046   0.01   10.6
2100 476861.000   4007202.3211  -4306463.4347  -2458562.1295   1  12   0.0080   0.0075   0.0051  -0.0066   0.0050  -0.0046   0.01   10.6
2100 476862.000   4007202.3208  -4306463.4324  -2458562.1283   1  12   0.0080   0.0075   0.0051  -0.0067   0.0050  -0.0046   0.01   10.6
2100 476863.000   4007202.3221  -4306463.4354  -2458562.1292   1  12   0.0080   0.0075   0.0051  -0.0067   0.0050  -0.0046   0.01   10.6
2100 476864.000   4007202.3204  -4306463.4306  -2458562.1272   1  12   0.0080   0.0075   0.0051  -0.0067   0.0050  -0.0046   0.01   10.7
2100 476865.000   4007202.3179  -4306463.4291  -2458562.1262   1  12   0.0080   0.0075   0.0051  -0.0067   0.0050  -0.0046   0.01   10.7
2100 476866.000   4007202.3204  -4306463.4325  -2458562.1272   1  12   0.0080   0.0075   0.0051  -0.0067   0.0050  -0.0046   0.01   10.7
2100 476867.000   4007202.3166  -4306463.4301  -2458562.1254   1  12   0.0080   0.0075   0.0051  -0.0067   0.0050  -0.0046   0.01   10.7
2100 476868.000   4007202.3191  -4306463.4333  -2458562.1260   1  12   0.0080   0.0075   0.0051  -0.0067   0.0050  -0.0046   0.01   10.7
2100 476869.000   4007202.3160  -4306463.4291  -2458562.1236   1  12   0.0080   0.0075   0.0051  -0.0067   0.0050  -0.0046   0.01   10.7
2100 476870.000   4007202.3174  -4306463.4303  -2458562.1260   1  12   0.0080   0.0075   0.0051  -0.0067   0.0050  -0.0046   0.01   10.8
2100 476871.000   4007202.3175  -4306463.4328  -2458562.1255   1  12   0.0080   0.0075   0.0051  -0.0067   0.0050  -0.0046   0.01   10.8
2100 476872.000   4007202.3142  -4306463.4293  -2458562.1224   1  12   0.0080   0.0075   0.0051  -0.0067   0.0050  -0.0046   0.01   10.8
2100 476873.000   4007202.3141  -4306463.4303  -2458562.1225   1  12   0.0080   0.0075   0.0051  -0.0067   0.0050  -0.0046   0.01   10.8
2100 476874.000   4007202.3181  -4306463.4292  -2458562.1246   1  12   0.0080   0.0075   0.0051  -0.0067   0.0050  -0.0046   0.01   10.8
2100 476875.000   4007202.3170  -4306463.4287  -2458562.1248   1  12   0.0080   0.0075   0.0051  -0.0067   0.0050  -0.0046   0.01   10.9
2100 476876.000   4007202.3172  -4306463.4293  -2458562.1242   1  12   0.0080   0.0075   0.0051  -0.0067   0.0050  -0.0046   0.01   10.9
2100 476877.000   4007202.3166  -4306463.4351  -2458562.1269   1  12   0.0080   0.0075   0.0051  -0.0067   0.0050  -0.0046   0.01   10.9
2100 476878.000   4007202.3213  -4306463.4366  -2458562.1285   1  12   0.0080   0.0075   0.0051  -0.0067   0.0050  -0.0046   0.01   10.9
2100 476879.000   4007202.3184  -4306463.4340  -2458562.1265   1  12   0.0080   0.0075   0.0051  -0.0067   0.0050  -0.0046   0.01   10.9
2100 476880.000   4007202.3153  -4306463.4319  -2458562.1256   1  12   0.0080   0.0075   0.0051  -0.0067   0.0050  -0.0046   0.01   10.9
2100 476881.000   4007202.3157  -4306463.4304  -2458562.1257   1  12   0.0080   0.0075   0.0051  -0.0067   0.0050  -0.0046   0.01   10.9
2100 476882.000   4007202.3186  -4306463.4347  -2458562.1261   1  12   0.0080   0.0075   0.0051  -0.0067   0.0050  -0.0046   0.01   10.9
2100 476883.000   4007202.3182  -4306463.4331  -2458562.1260   1  12   0.0080   0.0075   0.0051  -0.0067   0.0050  -0.0046   0.01   10.9
2100 476884.000   4007202.3192  -4306463.4321  -2458562.1250   1  12   0.0080   0.0075   0.0051  -0.0067   0.0050  -0.0046   0.01   10.9
2100 476885.000   4007202.3161  -4306463.4327  -2458562.1240   1  12   0.0080   0.0075   0.0051  -0.0067   0.0050  -0.0046   0.01   10.9
2100 476886.000   4007202.3174  -4306463.4335  -2458562.1250   1  12   0.0080   0.0075   0.0051  -0.0067   0.0050  -0.0046   0.01   10.9
2100 476887.000   4007202.3166  -4306463.4335  -2458562.1243   1  12   0.0080   0.0075   0.0051  -0.0067   0.0050  -0.0046   0.01   10.9
2100 476888.000   4007202.3188  -4306463.4342  -2458562.1239   1  12   0.0080   0.0075   0.0051  -0.0067   0.0050  -0.0046   0.01   10.9
2100 476889.000   4007202.3188  -4306463.4324  -2458562.1262   1  12   0.0080   0.0075   0.0051  -0.0067   0.0050  -0.0046   0.01   10.9
2100 476890.000   4007202.3192  -4306463.4346  -2458562.1240   1  12   0.0080   0.0075   0.0051  -0.0067   0.0050  -0.0046   0.01   10.9
2100 476891.000   4007202.3140  -4306463.4295  -2458562.1218   1  12   0.0080   0.0075   0.0051  -0.0067   0.0050  -0.0046   0.01   11.0
2100 476892.000   4007202.3142  -4306463.4318  -2458562.1221   1  12   0.0080   0.0075   0.0051  -0.0067   0.0050  -0.0046   0.01   11.0
2100 476893.000   4007202.3126  -4306463.4296  -2458562.1201   1  12   0.0080   0.0075   0.0051  -0.0067   0.0050  -0.0046   0.01   11.0
2100 476894.000   4007202.3172  -4306463.4361  -2458562.1241   1  12   0.0080   0.0075   0.0051  -0.0067   0.0050  -0.0046   0.01   11.0
2100 476895.000   4007202.3167  -4306463.4342  -2458562.1225   1  12   0.0080   0.0075   0.0051  -0.0067   0.0050  -0.0046   0.01   11.0
2100 476896.000   4007202.3139  -4306463.4297  -2458562.1216   1  12   0.0080   0.0075   0.0051  -0.0067   0.0050  -0.0046   0.01   11.0
2100 476897.000   4007202.3157  -4306463.4299  -2458562.1214   1  12   0.0080   0.0075   0.0051  -0.0067   0.0050  -0.0046   0.01   11.0
2100 476898.000   4007202.3109  -4306463.4279  -2458562.1199   1  12   0.0080   0.0075   0.0051  -0.0067   0.0050  -0.0046   0.01   11.0
2100 476899.000   4007202.3158  -4306463.4310  -2458562.1215   1  13   0.0079   0.0074   0.0048  -0.0066   0.0048  -0.0044   0.01   11.0
2100 476900.000   4007202.3135  -4306463.4278  -2458562.1214   1  13   0.0079   0.0073   0.0047  -0.0065   0.0047  -0.0043   0.01   11.1
2100 476901.000   4007202.3139  -4306463.4296  -2458562.1229   1  13   0.0079   0.0073   0.0047  -0.0065   0.0047  -0.0043   0.01   11.1
2100 476902.000   4007202.3132  -4306463.4286  -2458562.1210   1  13   0.0079   0.0073   0.0046  -0.0065   0.0046  -0.0043   0.01   11.1
2100 476903.000   4007202.3145  -4306463.4308  -2458562.1231   1  13   0.0079   0.0073   0.0046  -0.0065   0.0046  -0.0043   0.01   11.1
2100 476904.000   4007202.3162  -4306463.4295  -2458562.1212   1  13   0.0079   0.0073   0.0046  -0.0065   0.0046  -0.0043   0.01   11.2
2100 476905.000   4007202.3128  -4306463.4299  -2458562.1212   1  13   0.0079   0.0073   0.0047  -0.0065   0.0047  -0.0043   0.01   11.2
2100 476906.000   4007202.3122  -4306463.4265  -2458562.1195   1  13   0.0079   0.0073   0.0047  -0.0065   0.0047  -0.0043   0.01   11.2
2100 476907.000   4007202.3122  -4306463.4281  -2458562.1204   1  13   0.0079   0.0074   0.0048  -0.0066   0.0048  -0.0044   0.01   11.2
2100 476908.000   4007202.3156  -4306463.4287  -2458562.1239   1  12   0.0080   0.0075   0.0051  -0.0067   0.0050  -0.0046   0.01   11.2
2100 476909.000   4007202.3142  -4306463.4287  -2458562.1219   1  12   0.0080   0.0075   0.0051  -0.0067   0.0050  -0.0046   0.01   11.2
2100 476910.000   4007202.3158  -4306463.4274  -2458562.1208   1  12   0.0080   0.0075   0.0051  -0.0067   0.0050  -0.0046   0.01   11.2
2100 476911.000   4007202.3152  -4306463.4302  -2458562.1232   1  12   0.0080   0.0075   0.0051  -0.0067   0.0050  -0.0046   0.01   11.2
2100 476912.000   4007202.3155  -4306463.4307  -2458562.1227   1  12   0.0080   0.0075   0.0051  -0.0067   0.0050  -0.0046   0.01   11.3
2100 476913.000   4007202.3124  -4306463.4288  -2458562.1231   1  12   0.0080   0.0075   0.0051  -0.0067   0.0050  -0.0046   0.01   11.3
2100 476914.000   4007202.3117  -4306463.4276  -2458562.1238   1  12   0.0080   0.0075   0.0051  -0.0067   0.0050  -0.0046   0.01   11.3
2100 476915.000   4007202.3109  -4306463.4310  -2458562.1249   1  12   0.0080   0.0075   0.0051  -0.0067   0.0050  -0.0046   0.01   11.3
2100 476916.000   4007202.3096  -4306463.4268  -2458562.1199   1  13   0.0080   0.0074   0.0049  -0.0066   0.0048  -0.0044   0.01   11.3
2100 476917.000   4007202.3131  -4306463.4288  -2458562.1225   1  12   0.0080   0.0075   0.0051  -0.0067   0.0050  -0.0046   0.01   11.3
2100 476918.000   4007202.3095  -4306463.4289  -2458562.1218   1  13   0.0079   0.0074   0.0048  -0.0066   0.0047  -0.0044   0.01   11.3
2100 476919.000   4007202.3129  -4306463.4306  -2458562.1224   1  13   0.0079   0.0074   0.0048  -0.0066   0.0047  -0.0044   0.01   11.3
2100 476920.000   4007202.3136  -4306463.4290  -2458562.1233   1  13   0.0080   0.0074   0.0049  -0.0066   0.0048  -0.0044   0.01   11.4
2100 476921.000   4007202.3093  -4306463.4264  -2458562.1203   1  12   0.0080   0.0075   0.0051  -0.0067   0.0050  -0.0046   0.01   11.4
2100 476922.000   4007202.3124  -4306463.4298  -2458562.1213   1  12   0.0080   0.0075   0.0051  -0.0067   0.0050  -0.0046   0.01   11.4
2100 476923.000   4007202.3144  -4306463.4304  -2458562.1225   1  12   0.0080   0.0075   0.0051  -0.0067   0.0050  -0.0046   0.01   11.4
2100 476924.000   4007202.3093  -4306463.4286  -2458562.1231   1  12   0.0080   0.0075   0.0051  -0.0067   0.0050  -0.0046   0.01   11.4
2100 476925.000   4007202.3136  -4306463.4295  -2458562.1223   1  12   0.0080   0.0075   0.0051  -0.0067   0.0050  -0.0046   0.01   11.5
2100 476926.000   4007202.3158  -4306463.4301  -2458562.1218   1  12   0.0080   0.0075   0.0051  -0.0067   0.0050  -0.0046   0.01   11.5
2100 476927.000   4007202.3180  -4306463.4317  -2458562.1255   1  12   0.0080   0.0075   0.0051  -0.0067   0.0050  -0.0046   0.01   11.5
2100 476928.000   4007202.3164  -4306463.4310  -2458562.1238   1  12   0.0080   0.0075   0.0051  -0.0067   0.0050  -0.0046   0.01   11.5
2100 476929.000   4007202.3164  -4306463.4297  -2458562.1235   1  12   0.0080   0.0075   0.0051  -0.0067   0.0050  -0.0046   0.01   11.6
2100 476930.000   4007202.3162  -4306463.4286  -2458562.1224   1  12   0.0080   0.0075   0.0051  -0.0067   0.0050  -0.0046   0.01   11.6
2100 476931.000   4007202.3171  -4306463.4297  -2458562.1240   1  12   0.0080   0.0075   0.0051  -0.0067   0.0050  -0.0046   0.01   11.6
2100 476932.000   4007202.3170  -4306463.4321  -2458562.1235   1  12   0.0080   0.0075   0.0051  -0.0067   0.0050  -0.0046   0.01   11.7
2100 476933.000   4007202.3156  -4306463.4336  -2458562.1251   1  12   0.0080   0.0075   0.0051  -0.0067   0.0050  -0.0046   0.01   11.7
2100 476934.000   4007202.3174  -4306463.4340  -2458562.1252   1  12   0.0080   0.0075   0.0051  -0.0067   0.0050  -0.0046   0.01   11.7
2100 476935.000   4007202.3159  -4306463.4344  -2458562.1262   1  12   0.0080   0.0075   0.0051  -0.0067   0.0050  -0.0046   0.01   11.7
2100 476936.000   4007202.3158  -4306463.4315  -2458562.1269   1  12   0.0080   0.0075   0.0051  -0.0067   0.0050  -0.0046   0.01   11.8
2100 476937.000   4007202.3134  -4306463.4294  -2458562.1242   1  13   0.0080   0.0074   0.0048  -0.0066   0.0048  -0.0044   0.01   11.8
2100 476938.000   4007202.3151  -4306463.4326  -2458562.1240   1  13   0.0079   0.0073   0.0047  -0.0065   0.0047  -0.0043   0.01   11.9
2100 476939.000   4007202.3166  -4306463.4297  -2458562.1259   1  13   0.0079   0.0073   0.0046  -0.0065   0.0047  -0.0043   0.01   11.9
2100 476940.000   4007202.3118  -4306463.4282  -2458562.1233   1  12   0.0080   0.0075   0.0051  -0.0067   0.0050  -0.0046   0.01   11.9
2100 476941.000   4007202.3102  -4306463.4283  -2458562.1228   1  13   0.0079   0.0073   0.0046  -0.0065   0.0046  -0.0043   0.01   11.9
2100 476942.000   4007202.3154  -4306463.4313  -2458562.1254   1  13   0.0079   0.0073   0.0046  -0.0065   0.0046  -0.0043   0.01   12.0
2100 476943.000   4007202.3123  -4306463.4302  -2458562.1243   1  13   0.0079   0.0073   0.0046  -0.0065   0.0046  -0.0043   0.01   12.0
2100 476944.000   4007202.3117  -4306463.4285  -2458562.1243   1  12   0.0080   0.0075   0.0051  -0.0067   0.0050  -0.0046   0.01   12.1
2100 476945.000   4007202.3138  -4306463.4276  -2458562.1254   1  13   0.0079   0.0073   0.0046  -0.0065   0.0046  -0.0043   0.01   12.1
2100 476946.000   4007202.3124  -4306463.4276  -2458562.1236   1  13   0.0079   0.0073   0.0046  -0.0065   0.0046  -0.0043   0.01   12.1
2100 476947.000   4007202.3097  -4306463.4263  -2458562.1227   1  13   0.0079   0.0073   0.0046  -0.0065   0.0046  -0.0043   0.01   12.1
2100 476948.000   4007202.3126  -4306463.4272  -2458562.1252   1  12   0.0080   0.0075   0.0051  -0.0067   0.0050  -0.0046   0.01   12.2
2100 476949.000   4007202.3082  -4306463.4236  -2458562.1215   1  12   0.0081   0.0075   0.0051  -0.0067   0.0050  -0.0046   0.01   12.2
2100 476950.000   4007202.3130  -4306463.4259  -2458562.1222   1  12   0.0081   0.0075   0.0051  -0.0067   0.0050  -0.0046   0.01   12.2
2100 476951.000   4007202.3123  -4306463.4243  -2458562.1233   1  13   0.0079   0.0073   0.0046  -0.0065   0.0047  -0.0043   0.01   12.2
2100 476952.000   4007202.3121  -4306463.4240  -2458562.1243   1  13   0.0079   0.0074   0.0047  -0.0065   0.0047  -0.0043   0.01   12.2
2100 476953.000   4007202.3118  -4306463.4245  -2458562.1213   1  13   0.0080   0.0074   0.0048  -0.0066   0.0048  -0.0044   0.01   12.2
2100 476954.000   4007202.3098  -4306463.4227  -2458562.1221   1  12   0.0081   0.0075   0.0051  -0.0067   0.0050  -0.0046   0.01   12.2
2100 476955.000   4007202.3095  -4306463.4224  -2458562.1200   1  12   0.0081   0.0075   0.0051  -0.0067   0.0050  -0.0046   0.01   12.3
2100 476956.000   4007202.3114  -4306463.4234  -2458562.1220   1  12   0.0081   0.0075   0.0051  -0.0067   0.0050  -0.0046   0.01   12.3
2100 476957.000   4007202.3114  -4306463.4244  -2458562.1213   1  12   0.0081   0.0075   0.0051  -0.0067   0.0050  -0.0046   0.01   12.3
2100 476958.000   4007202.3125  -4306463.4255  -2458562.1197   1  12   0.0081   0.0075   0.0051  -0.0067   0.0050  -0.0046   0.01   12.3
2100 476959.000   4007202.3162  -4306463.4284  -2458562.1223   1  12   0.0081   0.0075   0.0051  -0.0067   0.0050  -0.0046   0.01   12.3
2100 476960.000   4007202.3146  -4306463.4281  -2458562.1220   1  12   0.0081   0.0075   0.0051  -0.0067   0.0050  -0.0046   0.01   12.3
2100 476961.000   4007202.3178  -4306463.4308  -2458562.1237   1  12   0.0081   0.0075   0.0051  -0.0067   0.0050  -0.0046   0.01   12.3
2100 476962.000   4007202.3142  -4306463.4289  -2458562.1193   1  12   0.0081   0.0075   0.0051  -0.0067   0.0050  -0.0046   0.01   12.3
2100 476963.000   4007202.3138  -4306463.4300  -2458562.1217   1  12   0.0081   0.0075   0.0051  -0.0067   0.0050  -0.0046   0.01   12.3
2100 476964.000   4007202.3194  -4306463.4380  -2458562.1259   1  12   0.0081   0.0075   0.0051  -0.0067   0.0050  -0.0046   0.01   12.3
2100 476965.000   4007202.3150  -4306463.4278  -2458562.1213   1  12   0.0081   0.0075   0.0051  -0.0067   0.0050  -0.0046   0.01   12.2
2100 476966.000   4007202.3170  -4306463.4326  -2458562.1245   1  12   0.0081   0.0075   0.0051  -0.0067   0.0050  -0.0046   0.01   12.2
2100 476967.000   4007202.3163  -4306463.4311  -2458562.1215   1  12   0.0081   0.0075   0.0051  -0.0067   0.0050  -0.0046   0.01   12.2
2100 476968.000   4007202.3142  -4306463.4266  -2458562.1210   1  12   0.0081   0.0075   0.0051  -0.0067   0.0050  -0.0046   0.01   12.2
2100 476969.000   4007202.3181  -4306463.4296  -2458562.1218   1  12   0.0081   0.0075   0.0051  -0.0067   0.0050  -0.0046   0.01   12.2
2100 476970.000   4007202.3180  -4306463.4279  -2458562.1208   1  12   0.0081   0.0075   0.0051  -0.0067   0.0050  -0.0046   0.01   12.2
2100 476971.000   4007202.3203  -4306463.4307  -2458562.1222   1  12   0.0081   0.0075   0.0051  -0.0067   0.0050  -0.0046   0.01   12.2
2100 476972.000   4007202.3188  -4306463.4284  -2458562.1244   1  12   0.0081   0.0075   0.0051  -0.0067   0.0050  -0.0046   0.01   12.2
2100 476973.000   4007202.3183  -4306463.4284  -2458562.1220   1  12   0.0081   0.0075   0.0051  -0.0067   0.0050  -0.0046   0.01   12.2
2100 476974.000   4007202.3123  -4306463.4216  -2458562.1194   1  12   0.0081   0.0075   0.0051  -0.0067   0.0050  -0.0046   0.01   12.2
2100 476975.000   4007202.3191  -4306463.4237  -2458562.1215   1  12   0.0081   0.0075   0.0051  -0.0067   0.0050  -0.0046   0.01   12.2
2100 476976.000   4007202.3162  -4306463.4255  -2458562.1228   1  12   0.0081   0.0075   0.0051  -0.0067   0.0050  -0.0046   0.01   12.2
2100 476977.000   4007202.3124  -4306463.4175  -2458562.1158   1  12   0.0081   0.0075   0.0051  -0.0067   0.0050  -0.0046   0.01   12.2
2100 476978.000   4007202.3120  -4306463.4180  -2458562.1169   1  12   0.0081   0.0075   0.0051  -0.0067   0.0050  -0.0046   0.01   12.3
2100 476979.000   4007202.3152  -4306463.4176  -2458562.1165   1  12   0.0081   0.0075   0.0051  -0.0067   0.0050  -0.0046   0.01   12.3
2100 476980.000   4007202.3126  -4306463.4161  -2458562.1158   1  12   0.0081   0.0075   0.0051  -0.0067   0.0050  -0.0046   0.01   12.3
2100 476981.000   4007202.3125  -4306463.4155  -2458562.1131   1  12   0.0081   0.0075   0.0051  -0.0067   0.0050  -0.0046   0.01   12.4
2100 476982.000   4007202.3093  -4306463.4133  -2458562.1140   1  12   0.0081   0.0075   0.0051  -0.0067   0.0050  -0.0046   0.01   12.4
2100 476983.000   4007202.3130  -4306463.4215  -2458562.1167   1  12   0.0081   0.0075   0.0051  -0.0067   0.0050  -0.0046   0.01   12.4
2100 476984.000   4007202.3157  -4306463.4227  -2458562.1169   1  13   0.0080   0.0074   0.0048  -0.0066   0.0048  -0.0044   0.01   12.5
2100 476985.000   4007202.3127  -4306463.4215  -2458562.1177   1  13   0.0080   0.0074   0.0047  -0.0066   0.0047  -0.0044   0.01   12.5
2100 476986.000   4007202.3156  -4306463.4263  -2458562.1186   1  13   0.0080   0.0073   0.0047  -0.0065   0.0047  -0.0043   0.01   12.5
2100 476987.000   4007202.3136  -4306463.4222  -2458562.1200   1  12   0.0081   0.0075   0.0051  -0.0067   0.0050  -0.0046   0.01   12.5
2100 476988.000   4007202.3158  -4306463.4219  -2458562.1187   1  13   0.0079   0.0073   0.0046  -0.0065   0.0047  -0.0043   0.01   12.5
2100 476989.000   4007202.3145  -4306463.4202  -2458562.1188   1  13   0.0079   0.0073   0.0046  -0.0065   0.0046  -0.0043   0.01   12.6
2100 476990.000   4007202.3150  -4306463.4232  -2458562.1213   1  13   0.0079   0.0073   0.0046  -0.0065   0.0046  -0.0043   0.01   12.6
2100 476991.000   4007202.3157  -4306463.4219  -2458562.1223   1  13   0.0079   0.0073   0.0046  -0.0065   0.0046  -0.0043   0.01   12.6
2100 476992.000   4007202.3143  -4306463.4232  -2458562.1199   1  13   0.0079   0.0073   0.0046  -0.0065   0.0046  -0.0043   0.01   12.6
2100 476993.000   4007202.3189  -4306463.4277  -2458562.1251   1  13   0.0079   0.0073   0.0046  -0.0065   0.0047  -0.0043   0.01   12.6
2100 476994.000   4007202.3166  -4306463.4239  -2458562.1214   1  13   0.0080   0.0074   0.0047  -0.0066   0.0047  -0.0043   0.01   12.6
2100 476995.000   4007202.3164  -4306463.4271  -2458562.1235   1  12   0.0081   0.0075   0.0051  -0.0067   0.0050  -0.0046   0.01   12.6
2100 476996.000   4007202.3243  -4306463.4287  -2458562.1236   1  12   0.0081   0.0075   0.0051  -0.0067   0.0050  -0.0046   0.01   12.6
2100 476997.000   4007202.3203  -4306463.4271  -2458562.1240   1  13   0.0080   0.0074   0.0047  -0.0066   0.0047  -0.0044   0.01   12.6
2100 476998.000   4007202.3223  -4306463.4280  -2458562.1244   1  12   0.0081   0.0075   0.0051  -0.0067   0.0050  -0.0046   0.01   12.6
2100 476999.000   4007202.3234  -4306463.4264  -2458562.1232   1  13   0.0080   0.0074   0.0048  -0.0066   0.0048  -0.0044   0.01   12.6
2100 477000.000   4007202.3208  -4306463.4265  -2458562.1230   1  12   0.0081   0.0075   0.0051  -0.0067   0.0050  -0.0046   0.01   12.7
2100 477001.000   4007202.3206  -4306463.4259  -2458562.1221   1  12   0.0081   0.0075   0.0051  -0.0067   0.0050  -0.0046   0.01   12.7
2100 477002.000   4007202.3269  -4306463.4306  -2458562.1246   1  12   0.0081   0.0076   0.0051  -0.0067   0.0050  -0.0046   0.01   12.7
2100 477003.000   4007202.3271  -4306463.4306  -2458562.1224   1  12   0.0081   0.0076   0.0051  -0.0067   0.0050  -0.0046   0.01   12.7
2100 477004.000   4007202.3256  -4306463.4275  -2458562.1236   1  12   0.0081   0.0076   0.0051  -0.0067   0.0050  -0.0047   0.01   12.7
2100 477005.000   4007202.3237  -4306463.4246  -2458562.1208   1  12   0.0081   0.0076   0.0051  -0.0067   0.0050  -0.0047   0.01   12.7
2100 477006.000   4007202.3284  -4306463.4261  -2458562.1241   1  12   0.0081   0.0076   0.0051  -0.0067   0.0050  -0.0047   0.01   12.7
2100 477007.000   4007202.3255  -4306463.4270  -2458562.1249   1  12   0.0081   0.0076   0.0051  -0.0067   0.0050  -0.0047   0.01   12.7
2100 477008.000   4007202.3224  -4306463.4243  -2458562.1225   1  12   0.0081   0.0076   0.0051  -0.0067   0.0050  -0.0047   0.01   12.7
2100 477009.000   4007202.3214  -4306463.4248  -2458562.1226   1  12   0.0081   0.0076   0.0051  -0.0067   0.0050  -0.0047   0.01   12.7
2100 477010.000   4007202.3223  -4306463.4262  -2458562.1235   1  12   0.0081   0.0076   0.0051  -0.0067   0.0050  -0.0047   0.01   12.7
2100 477011.000   4007202.3224  -4306463.4270  -2458562.1223   1  12   0.0081   0.0076   0.0051  -0.0067   0.0050  -0.0047   0.01   12.7
2100 477012.000   4007202.3229  -4306463.4277  -2458562.1232   1  12   0.0081   0.0076   0.0051  -0.0067   0.0050  -0.0047   0.01   12.7
2100 477013.000   4007202.3232  -4306463.4280  -2458562.1259   1  12   0.0081   0.0076   0.0051  -0.0067   0.0050  -0.0047   0.01   12.7
2100 477014.000   4007202.3230  -4306463.4290  -2458562.1262   1  12   0.0081   0.0076   0.0051  -0.0067   0.0050  -0.0047   0.01   12.7
2100 477015.000   4007202.3266  -4306463.4298  -2458562.1244   1  12   0.0081   0.0076   0.0051  -0.0067   0.0050  -0.0047   0.01   12.7
2100 477016.000   4007202.3219  -4306463.4256  -2458562.1245   1  12   0.0081   0.0076   0.0051  -0.0068   0.0050  -0.0047   0.01   12.7
2100 477017.000   4007202.3221  -4306463.4279  -2458562.1241   1  12   0.0081   0.0076   0.0051  -0.0068   0.0050  -0.0047   0.01   12.7
2100 477018.000   4007202.3233  -4306463.4265  -2458562.1240   1  12   0.0081   0.0076   0.0051  -0.0068   0.0050  -0.0047   0.01   12.7
2100 477019.000   4007202.3230  -4306463.4266  -2458562.1244   1  12   0.0081   0.0076   0.0051  -0.0068   0.0050  -0.0047   0.01   12.7
2100 477020.000   4007202.3229  -4306463.4264  -2458562.1235   1  12   0.0081   0.0076   0.0051  -0.0068   0.0050  -0.0047   0.01   12.7
2100 477021.000   4007202.3221  -4306463.4263  -2458562.1231   1  12   0.0081   0.0076   0.0051  -0.0068   0.0050  -0.0047   0.01   12.7
2100 477022.000   4007202.3244  -4306463.4275  -2458562.1245   1  12   0.0081   0.0076   0.0051  -0.0068   0.0050  -0.0047   0.01   12.7
2100 477023.000   4007202.3234  -4306463.4272  -2458562.1233   1  12   0.0081   0.0076   0.0051  -0.0068   0.0050  -0.0047   0.01   12.8
2100 477024.000   4007202.3208  -4306463.4283  -2458562.1250   1  12   0.0081   0.0076   0.0051  -0.0068   0.0050  -0.0047   0.01   12.8
2100 477025.000   4007202.3192  -4306463.4250  -2458562.1229   1  12   0.0081   0.0076   0.0051  -0.0068   0.0050  -0.0047   0.01   12.8
2100 477026.000   4007202.3199  -4306463.4267  -2458562.1252   1  12   0.0081   0.0076   0.0051  -0.0068   0.0050  -0.0047   0.01   12.8
2100 477027.000   4007202.3211  -4306463.4278  -2458562.1226   1  12   0.0081   0.0076   0.0051  -0.0068   0.0050  -0.0047   0.01   12.8
2100 477028.000   4007202.3187  -4306463.4249  -2458562.1237   1  12   0.0081   0.0076   0.0051  -0.0068   0.0050  -0.0047   0.01   12.8
2100 477029.000   4007202.3166  -4306463.4256  -2458562.1227   1  12   0.0081   0.0076   0.0051  -0.0068   0.0050  -0.0047   0.01   12.8
2100 477030.000   4007202.3163  -4306463.4263  -2458562.1234   1  12   0.0081   0.0076   0.0051  -0.0068   0.0050  -0.0047   0.01   12.8
2100 477031.000   4007202.3185  -4306463.4225  -2458562.1215   1  12   0.0081   0.0076   0.0051  -0.0068   0.0050  -0.0047   0.01   12.9
2100 477032.000   4007202.3176  -4306463.4241  -2458562.1224   1  12   0.0081   0.0076   0.0051  -0.0068   0.0050  -0.0047   0.01   12.9
2100 477033.000   4007202.3196  -4306463.4259  -2458562.1221   1  12   0.0081   0.0076   0.0051  -0.0068   0.0050  -0.0047   0.01   12.9
2100 477034.000   4007202.3206  -4306463.4298  -2458562.1248   1  12   0.0081   0.0076   0.0051  -0.0068   0.0050  -0.0047   0.01   12.9
2100 477035.000   4007202.3239  -4306463.4291  -2458562.1239   1  12   0.0081   0.0076   0.0051  -0.0068   0.0050  -0.0047   0.01   13.0
2100 477036.000   4007202.3248  -4306463.4310  -2458562.1261   1  12   0.0081   0.0076   0.0051  -0.0068   0.0050  -0.0047   0.01   13.0
2100 477037.000   4007202.3248  -4306463.4311  -2458562.1257   1  13   0.0080   0.0074   0.0048  -0.0066   0.0048  -0.0044   0.01   13.0
2100 477038.000   4007202.3301  -4306463.4346  -2458562.1294   1  13   0.0080   0.0074   0.0047  -0.0066   0.0047  -0.0044   0.01   13.0
2100 477039.000   4007202.3261  -4306463.4330  -2458562.1261   1  13   0.0080   0.0074   0.0046  -0.0066   0.0047  -0.0043   0.01   13.0
2100 477040.000   4007202.3237  -4306463.4304  -2458562.1245   1  13   0.0080   0.0073   0.0046  -0.0066   0.0046  -0.0043   0.01   13.1
2100 477041.000   4007202.3248  -4306463.4325  -2458562.1241   1  13   0.0080   0.0073   0.0046  -0.0066   0.0046  -0.0043   0.01   13.1
2100 477042.000   4007202.3236  -4306463.4321  -2458562.1236   1  13   0.0080   0.0073   0.0046  -0.0066   0.0046  -0.0043   0.01   13.1
2100 477043.000   4007202.3232  -4306463.4313  -2458562.1238   1  13   0.0080   0.0073   0.0046  -0.0066   0.0046  -0.0043   0.01   13.1
2100 477044.000   4007202.3248  -4306463.4324  -2458562.1271   1  13   0.0080   0.0073   0.0046  -0.0066   0.0046  -0.0043   0.01   13.1
2100 477045.000   4007202.3202  -4306463.4293  -2458562.1240   1  13   0.0080   0.0073   0.0046  -0.0065   0.0046  -0.0043   0.01   13.1
2100 477046.000   4007202.3239  -4306463.4342  -2458562.1253   1  13   0.0080   0.0073   0.0046  -0.0065   0.0046  -0.0043   0.01   13.1
2100 477047.000   4007202.3252  -4306463.4344  -2458562.1254   1  13   0.0080   0.0073   0.0046  -0.0065   0.0046  -0.0043   0.01   13.2
2100 477048.000   4007202.3244  -4306463.4331  -2458562.1265   1  13   0.0080   0.0073   0.0046  -0.0065   0.0046  -0.0043   0.01   13.2
2100 477049.000   4007202.3207  -4306463.4308  -2458562.1239   1  13   0.0080   0.0073   0.0046  -0.0065   0.0046  -0.0043   0.01   13.2
2100 477050.000   4007202.3205  -4306463.4335  -2458562.1256   1  13   0.0080   0.0073   0.0046  -0.0065   0.0046  -0.0043   0.01   13.2
2100 477051.000   4007202.3210  -4306463.4316  -2458562.1246   1  13   0.0080   0.0073   0.0045  -0.0065   0.0046  -0.0043   0.01   13.3
2100 477052.000   4007202.3215  -4306463.4311  -2458562.1254   1  13   0.0080   0.0073   0.0045  -0.0065   0.0046  -0.0043   0.01   13.3
2100 477053.000   4007202.3214  -4306463.4308  -2458562.1233   1  13   0.0080   0.0073   0.0045  -0.0065   0.0046  -0.0043   0.01   13.3
2100 477054.000   4007202.3177  -4306463.4272  -2458562.1242   1  13   0.0080   0.0073   0.0045  -0.0065   0.0046  -0.0043   0.01   13.3
2100 477055.000   4007202.3161  -4306463.4263  -2458562.1223   1  13   0.0080   0.0073   0.0045  -0.0065   0.0046  -0.0043   0.01   13.3
2100 477056.000   4007202.3193  -4306463.4284  -2458562.1221   1  13   0.0080   0.0073   0.0045  -0.0065   0.0046  -0.0043   0.01   13.4
2100 477057.000   4007202.3179  -4306463.4245  -2458562.1197   1  13   0.0080   0.0073   0.0045  -0.0065   0.0046  -0.0043   0.01   13.4
2100 477058.000   4007202.3180  -4306463.4248  -2458562.1209   1  13   0.0080   0.0073   0.0045  -0.0065   0.0046  -0.0043   0.01   13.4
2100 477059.000   4007202.3183  -4306463.4262  -2458562.1221   1  13   0.0080   0.0073   0.0045  -0.0066   0.0046  -0.0043   0.01   13.4
2100 477060.000   4007202.3163  -4306463.4248  -2458562.1214   1  13   0.0080   0.0073   0.0045  -0.0066   0.0046  -0.0043   0.01   13.4
2100 477061.000   4007202.3177  -4306463.4261  -2458562.1208   1  13   0.0080   0.0073   0.0045  -0.0066   0.0046  -0.0043   0.01   13.5
2100 477062.000   4007202.3155  -4306463.4258  -2458562.1193   1  13   0.0080   0.0073   0.0045  -0.0066   0.0046  -0.0043   0.01   13.5
2100 477063.000   4007202.3174  -4306463.4294  -2458562.1212   1  13   0.0080   0.0073   0.0045  -0.0066   0.0046  -0.0043   0.01   13.5
2100 477064.000   4007202.3176  -4306463.4259  -2458562.1206   1  13   0.0080   0.0073   0.0045  -0.0066   0.0046  -0.0043   0.01   13.5
2100 477065.000   4007202.3163  -4306463.4268  -2458562.1204   1  13   0.0080   0.0073   0.0045  -0.0066   0.0046  -0.0043   0.01   13.5
2100 477066.000   4007202.3178  -4306463.4250  -2458562.1188   1  13   0.0080   0.0073   0.0045  -0.0066   0.0046  -0.0043   0.01   13.6
2100 477067.000   4007202.3165  -4306463.4248  -2458562.1183   1  13   0.0080   0.0073   0.0045  -0.0066   0.0046  -0.0043   0.01   13.6
2100 477068.000   4007202.3174  -4306463.4247  -2458562.1190   1  13   0.0080   0.0073   0.0045  -0.0066   0.0046  -0.0043   0.01   13.6
2100 477069.000   4007202.3185  -4306463.4263  -2458562.1192   1  13   0.0080   0.0073   0.0045  -0.0066   0.0046  -0.0043   0.01   13.7
2100 477070.000   4007202.3184  -4306463.4233  -2458562.1187   1  13   0.0080   0.0073   0.0045  -0.0066   0.0046  -0.0043   0.01   13.7
2100 477071.000   4007202.3204  -4306463.4260  -2458562.1188   1  13   0.0080   0.0073   0.0045  -0.0066   0.0046  -0.0043   0.01   13.7
2100 477072.000   4007202.3192  -4306463.4258  -2458562.1195   1  13   0.0080   0.0073   0.0045  -0.0066   0.0046  -0.0043   0.01   13.7
2100 477073.000   4007202.3175  -4306463.4225  -2458562.1182   1  13   0.0080   0.0073   0.0045  -0.0066   0.0046  -0.0043   0.01   13.8
2100 477074.000   4007202.3172  -4306463.4224  -2458562.1187   1  13   0.0080   0.0073   0.0045  -0.0066   0.0046  -0.0043   0.01   13.8
2100 477075.000   4007202.3185  -4306463.4240  -2458562.1192   1  13   0.0080   0.0073   0.0045  -0.0066   0.0046  -0.0043   0.01   13.8
2100 477076.000   4007202.3170  -4306463.4233  -2458562.1184   1  13   0.0080   0.0073   0.0045  -0.0066   0.0046  -0.0043   0.01   13.8
2100 477077.000   4007202.3215  -4306463.4261  -2458562.1203   1  13   0.0080   0.0073   0.0045  -0.0066   0.0046  -0.0043   0.01    3.4
2100 477078.000   4007202.3224  -4306463.4267  -2458562.1215   1  13   0.0080   0.0073   0.0045  -0.0066   0.0046  -0.0043   0.01    3.5
2100 477079.000   4007202.3233  -4306463.4208  -2458562.1202   1  13   0.0080   0.0073   0.0045  -0.0066   0.0046  -0.0043   0.01    3.5
2100 477080.000   4007202.3199  -4306463.4210  -2458562.1202   1  13   0.0080   0.0073   0.0045  -0.0066   0.0046  -0.0043   0.01    3.6
2100 477081.000   4007202.3181  -4306463.4201  -2458562.1200   1  13   0.0080   0.0073   0.0045  -0.0066   0.0046  -0.0043   0.01    3.7
2100 477082.000   4007202.3201  -4306463.4228  -2458562.1204   1  13   0.0080   0.0073   0.0045  -0.0066   0.0046  -0.0043   0.01    3.7
2100 477083.000   4007202.3220  -4306463.4223  -2458562.1214   1  13   0.0080   0.0073   0.0045  -0.0066   0.0046  -0.0043   0.01    3.8
2100 477084.000   4007202.3204  -4306463.4244  -2458562.1209   1  13   0.0080   0.0073   0.0045  -0.0066   0.0046  -0.0043   0.01    3.9
2100 477085.000   4007202.3172  -4306463.4221  -2458562.1203   1  13   0.0080   0.0073   0.0045  -0.0066   0.0046  -0.0043   0.01    3.9
2100 477086.000   4007202.3157  -4306463.4210  -2458562.1203   1  13   0.0113   0.0104   0.0064  -0.0093   0.0065  -0.0061   0.01    4.0
2100 477087.000   4007202.3153  -4306463.4196  -2458562.1183   1  13   0.0113   0.0104   0.0064  -0.0093   0.0065  -0.0061   0.01    4.1
2100 477088.000   4007202.3173  -4306463.4237  -2458562.1207   1  13   0.0113   0.0104   0.0064  -0.0093   0.0065  -0.0061   0.01    4.1
2100 477089.000   4007202.3163  -4306463.4208  -2458562.1173   1  13   0.0113   0.0104   0.0064  -0.0093   0.0065  -0.0061   0.01    4.2
2100 477090.000   4007202.3186  -4306463.4234  -2458562.1186   1  13   0.0113   0.0104   0.0064  -0.0093   0.0065  -0.0061   0.01    4.3
2100 477091.000   4007202.3168  -4306463.4209  -2458562.1193   1  13   0.0113   0.0104   0.0064  -0.0093   0.0065  -0.0061   0.01    4.3
2100 477092.000   4007202.3201  -4306463.4242  -2458562.1231   1  13   0.0113   0.0104   0.0064  -0.0093   0.0065  -0.0061   0.01    4.4
2100 477093.000   4007202.3184  -4306463.4213  -2458562.1195   1  13   0.0113   0.0104   0.0064  -0.0093   0.0065  -0.0061   0.01    4.5
2100 477094.000   4007202.3147  -4306463.4197  -2458562.1197   1  13   0.0113   0.0104   0.0064  -0.0093   0.0065  -0.0061   0.01    4.5
2100 477095.000   4007202.3160  -4306463.4205  -2458562.1193   1  13   0.0113   0.0104   0.0064  -0.0093   0.0065  -0.0061   0.01    4.6
2100 477096.000   4007202.3199  -4306463.4229  -2458562.1202   1  13   0.0113   0.0104   0.0064  -0.0093   0.0065  -0.0061   0.01    4.7
2100 477097.000   4007202.3205  -4306463.4246  -2458562.1203   1  13   0.0113   0.0104   0.0064  -0.0093   0.0065  -0.0061   0.01    4.7
2100 477098.000   4007202.3168  -4306463.4226  -2458562.1197   1  13   0.0113   0.0104   0.0064  -0.0093   0.0065  -0.0061   0.01    4.8
2100 477099.000   4007202.3197  -4306463.4228  -2458562.1200   1  13   0.0113   0.0104   0.0064  -0.0093   0.0065  -0.0061   0.01    4.9
2100 477100.000   4007202.3171  -4306463.4198  -2458562.1201   1  13   0.0113   0.0104   0.0064  -0.0093   0.0065  -0.0061   0.01    4.9
2100 477101.000   4007202.3132  -4306463.4185  -2458562.1197   1  13   0.0113   0.0104   0.0064  -0.0093   0.0065  -0.0061   0.01    5.0
2100 477102.000   4007202.3179  -4306463.4197  -2458562.1193   1  13   0.0113   0.0104   0.0064  -0.0093   0.0065  -0.0061   0.01    5.1
2100 477103.000   4007202.3183  -4306463.4181  -2458562.1190   1  13   0.0113   0.0104   0.0064  -0.0093   0.0065  -0.0061   0.01    5.1
2100 477104.000   4007202.3173  -4306463.4192  -2458562.1188   1  13   0.0113   0.0104   0.0064  -0.0093   0.0065  -0.0061   0.01    5.2
2100 477105.000   4007202.3173  -4306463.4187  -2458562.1188   1  13   0.0113   0.0104   0.0064  -0.0093   0.0065  -0.0061   0.01    5.3
2100 477106.000   4007202.3183  -4306463.4191  -2458562.1178   1  13   0.0113   0.0104   0.0064  -0.0093   0.0065  -0.0061   0.01    5.4
2100 477107.000   4007202.3186  -4306463.4223  -2458562.1190   1  13   0.0113   0.0104   0.0064  -0.0093   0.0065  -0.0061   0.01    5.4
2100 477108.000   4007202.3185  -4306463.4224  -2458562.1181   1  13   0.0113   0.0104   0.0064  -0.0093   0.0065  -0.0061   0.01    5.5
2100 477109.000   4007202.3176  -4306463.4224  -2458562.1180   1  13   0.0113   0.0104   0.0064  -0.0093   0.0065  -0.0061   0.01    5.6
2100 477110.000   4007202.3181  -4306463.4215  -2458562.1188   1  13   0.0113   0.0104   0.0064  -0.0093   0.0065  -0.0061   0.01    5.6
2100 477111.000   4007202.3191  -4306463.4228  -2458562.1177   1  13   0.0113   0.0104   0.0064  -0.0093   0.0065  -0.0061   0.01    5.7
2100 477112.000   4007202.3209  -4306463.4207  -2458562.1182   1  13   0.0113   0.0104   0.0064  -0.0093   0.0065  -0.0061   0.01    5.8
2100 477113.000   4007202.3181  -4306463.4196  -2458562.1164   1  13   0.0113   0.0104   0.0064  -0.0093   0.0065  -0.0061   0.01    5.8
2100 477114.000   4007202.3160  -4306463.4190  -2458562.1177   1  13   0.0113   0.0104   0.0064  -0.0093   0.0065  -0.0061   0.01    5.9
2100 477115.000   4007202.3149  -4306463.4227  -2458562.1190   1  13   0.0113   0.0104   0.0064  -0.0093   0.0065  -0.0061   0.01    6.0
2100 477116.000   4007202.3185  -4306463.4222  -2458562.1181   1  13   0.0113   0.0104   0.0064  -0.0093   0.0065  -0.0061   0.01    6.0
2100 477117.000   4007202.3180  -4306463.4255  -2458562.1192   1  13   0.0113   0.0104   0.0064  -0.0093   0.0065  -0.0061   0.01    6.1
2100 477118.000   4007202.3155  -4306463.4256  -2458562.1189   1  13   0.0113   0.0104   0.0064  -0.0093   0.0065  -0.0061   0.01    6.2
2100 477119.000   4007202.3178  -4306463.4258  -2458562.1194   1  13   0.0113   0.0104   0.0064  -0.0093   0.0065  -0.0061   0.01    6.2
2100 477120.000   4007202.3160  -4306463.4244  -2458562.1182   1  13   0.0113   0.0104   0.0064  -0.0093   0.0065  -0.0061   0.01    6.3
2100 477121.000   4007202.3163  -4306463.4276  -2458562.1221   1  13   0.0113   0.0104   0.0064  -0.0093   0.0065  -0.0061   0.01    6.4
2100 477122.000   4007202.3160  -4306463.4296  -2458562.1202   1  13   0.0113   0.0104   0.0064  -0.0093   0.0065  -0.0061   0.01    6.5
2100 477123.000   4007202.3135  -4306463.4277  -2458562.1210   1  13   0.0113   0.0104   0.0064  -0.0093   0.0065  -0.0061   0.01    6.6
2100 477124.000   4007202.3138  -4306463.4268  -2458562.1194   1  13   0.0113   0.0104   0.0064  -0.0093   0.0065  -0.0061   0.01    6.7
2100 477125.000   4007202.3120  -4306463.4251  -2458562.1203   1  13   0.0113   0.0104   0.0064  -0.0093   0.0065  -0.0061   0.01    6.7
2100 477126.000   4007202.3145  -4306463.4240  -2458562.1177   1  13   0.0113   0.0104   0.0064  -0.0093   0.0065  -0.0061   0.01    6.8
2100 477127.000   4007202.3156  -4306463.4233  -2458562.1196   1  13   0.0113   0.0104   0.0064  -0.0093   0.0065  -0.0061   0.01    6.9
2100 477128.000   4007202.3119  -4306463.4244  -2458562.1186   1  13   0.0113   0.0104   0.0064  -0.0093   0.0065  -0.0061   0.01    7.0
2100 477129.000   4007202.3143  -4306463.4243  -2458562.1176   1  13   0.0113   0.0104   0.0064  -0.0093   0.0065  -0.0061   0.01    7.1
2100 477130.000   4007202.3143  -4306463.4232  -2458562.1175   1  13   0.0113   0.0104   0.0064  -0.0093   0.0065  -0.0061   0.01    7.2
2100 477131.000   4007202.3131  -4306463.4228  -2458562.1160   1  13   0.0113   0.0104   0.0064  -0.0093   0.0065  -0.0061   0.01    7.2
2100 477132.000   4007202.3089  -4306463.4194  -2458562.1152   1  13   0.0113   0.0104   0.0064  -0.0093   0.0065  -0.0061   0.01    7.3
2100 477133.000   4007202.3094  -4306463.4173  -2458562.1145   1  13   0.0113   0.0104   0.0064  -0.0093   0.0065  -0.0061   0.01    7.4
2100 477134.000   4007202.3155  -4306463.4217  -2458562.1152   1  13   0.0113   0.0104   0.0064  -0.0093   0.0065  -0.0061   0.01    7.5
2100 477135.000   4007202.3118  -4306463.4202  -2458562.1141   1  13   0.0113   0.0104   0.0064  -0.0093   0.0065  -0.0061   0.01    7.6
2100 477136.000   4007202.3110  -4306463.4185  -2458562.1137   1  13   0.0113   0.0104   0.0064  -0.0093   0.0065  -0.0061   0.01    7.7
2100 477137.000   4007202.3131  -4306463.4195  -2458562.1147   1  13   0.0113   0.0104   0.0064  -0.0093   0.0065  -0.0061   0.01    7.8
2100 477138.000   4007202.3113  -4306463.4155  -2458562.1130   1  13   0.0113   0.0104   0.0064  -0.0093   0.0065  -0.0061   0.01    7.9
2100 477139.000   4007202.3137  -4306463.4170  -2458562.1164   1  13   0.0113   0.0104   0.0064  -0.0093   0.0065  -0.0061   0.01    8.0
2100 477140.000   4007202.3189  -4306463.4197  -2458562.1153   1  13   0.0113   0.0104   0.0064  -0.0093   0.0065  -0.0061   0.01    8.1
2100 477141.000   4007202.3163  -4306463.4186  -2458562.1158   1  13   0.0113   0.0104   0.0064  -0.0093   0.0065  -0.0061   0.01    8.2
2100 477142.000   4007202.3150  -4306463.4179  -2458562.1156   1  13   0.0113   0.0104   0.0064  -0.0093   0.0065  -0.0061   0.01    8.2
2100 477143.000   4007202.3106  -4306463.4156  -2458562.1155   1  13   0.0113   0.0104   0.0064  -0.0093   0.0065  -0.0061   0.01    8.3
2100 477144.000   4007202.3156  -4306463.4181  -2458562.1149   1  13   0.0113   0.0104   0.0064  -0.0093   0.0065  -0.0061   0.01    8.4
2100 477145.000   4007202.3117  -4306463.4166  -2458562.1137   1  13   0.0113   0.0104   0.0064  -0.0093   0.0065  -0.0061   0.01    8.5
2100 477146.000   4007202.3108  -4306463.4152  -2458562.1152   1  13   0.0114   0.0104   0.0064  -0.0093   0.0065  -0.0061   0.01    8.6
2100 477147.000   4007202.3119  -4306463.4160  -2458562.1144   1  13   0.0114   0.0104   0.0064  -0.0093   0.0065  -0.0061   0.01    8.7
2100 477148.000   4007202.3157  -4306463.4186  -2458562.1155   1  13   0.0114   0.0104   0.0064  -0.0093   0.0065  -0.0061   0.01    8.8
2100 477149.000   4007202.3127  -4306463.4161  -2458562.1150   1  13   0.0114   0.0104   0.0064  -0.0093   0.0065  -0.0061   0.01    8.9
2100 477150.000   4007202.3108  -4306463.4133  -2458562.1141   1  13   0.0114   0.0104   0.0064  -0.0093   0.0065  -0.0061   0.01    8.9
2100 477151.000   4007202.3088  -4306463.4121  -2458562.1157   1  13   0.0114   0.0104   0.0064  -0.0093   0.0065  -0.0061   0.01    9.0
2100 477152.000   4007202.3148  -4306463.4139  -2458562.1167   1  13   0.0114   0.0104   0.0064  -0.0093   0.0065  -0.0061   0.01    9.1
2100 477153.000   4007202.3163  -4306463.4152  -2458562.1147   1  13   0.0114   0.0104   0.0064  -0.0093   0.0065  -0.0061   0.01    9.2
2100 477154.000   4007202.3150  -4306463.4157  -2458562.1165   1  13   0.0114   0.0104   0.0064  -0.0093   0.0065  -0.0061   0.01    9.3
2100 477155.000   4007202.3156  -4306463.4149  -2458562.1152   1  13   0.0114   0.0104   0.0064  -0.0093   0.0065  -0.0061   0.01    9.3
2100 477156.000   4007202.3087  -4306463.4155  -2458562.1161   1  13   0.0114   0.0104   0.0064  -0.0093   0.0065  -0.0061   0.01    9.4
2100 477157.000   4007202.3099  -4306463.4147  -2458562.1157   1  13   0.0114   0.0104   0.0064  -0.0093   0.0065  -0.0061   0.01    9.5
2100 477158.000   4007202.3119  -4306463.4158  -2458562.1149   1  13   0.0114   0.0104   0.0064  -0.0093   0.0065  -0.0061   0.01    9.6
2100 477159.000   4007202.3106  -4306463.4165  -2458562.1146   1  13   0.0114   0.0104   0.0064  -0.0093   0.0065  -0.0061   0.01    9.6
2100 477160.000   4007202.3119  -4306463.4176  -2458562.1158   1  13   0.0114   0.0104   0.0064  -0.0093   0.0065  -0.0061   0.01    9.7
2100 477161.000   4007202.3135  -4306463.4219  -2458562.1170   1  13   0.0114   0.0104   0.0064  -0.0093   0.0065  -0.0061   0.01    9.8
2100 477162.000   4007202.3159  -4306463.4214  -2458562.1175   1  13   0.0114   0.0104   0.0064  -0.0093   0.0065  -0.0061   0.01    9.9
2100 477163.000   4007202.3103  -4306463.4168  -2458562.1166   1  13   0.0114   0.0104   0.0064  -0.0093   0.0065  -0.0061   0.01    9.9
2100 477164.000   4007202.3114  -4306463.4189  -2458562.1168   1  13   0.0114   0.0104   0.0064  -0.0093   0.0065  -0.0061   0.01   10.0
2100 477165.000   4007202.3146  -4306463.4199  -2458562.1166   1  13   0.0114   0.0104   0.0064  -0.0093   0.0065  -0.0061   0.01   10.1
2100 477166.000   4007202.3124  -4306463.4201  -2458562.1169   1  13   0.0114   0.0104   0.0064  -0.0094   0.0065  -0.0061   0.01   10.2
2100 477167.000   4007202.3139  -4306463.4188  -2458562.1163   1  13   0.0114   0.0104   0.0064  -0.0094   0.0065  -0.0061   0.01   10.3
2100 477168.000   4007202.3135  -4306463.4185  -2458562.1176   1  13   0.0114   0.0104   0.0064  -0.0094   0.0065  -0.0061   0.01   10.3
2100 477169.000   4007202.3135  -4306463.4211  -2458562.1180   1  13   0.0114   0.0104   0.0064  -0.0094   0.0065  -0.0061   0.01   10.4
2100 477170.000   4007202.3124  -4306463.4221  -2458562.1173   1  13   0.0114   0.0104   0.0064  -0.0094   0.0065  -0.0061   0.01   10.5
2100 477171.000   4007202.3139  -4306463.4242  -2458562.1167   1  13   0.0114   0.0104   0.0064  -0.0094   0.0065  -0.0061   0.01   10.6
2100 477172.000   4007202.3162  -4306463.4238  -2458562.1182   1  13   0.0114   0.0104   0.0064  -0.0094   0.0065  -0.0061   0.01   10.6
2100 477173.000   4007202.3120  -4306463.4212  -2458562.1183   1  13   0.0114   0.0104   0.0064  -0.0094   0.0065  -0.0061   0.01   10.7
2100 477174.000   4007202.3161  -4306463.4220  -2458562.1178   1  13   0.0114   0.0104   0.0064  -0.0094   0.0065  -0.0061   0.01   10.8
2100 477175.000   4007202.3113  -4306463.4216  -2458562.1194   1  13   0.0114   0.0104   0.0064  -0.0094   0.0065  -0.0061   0.01   10.8
2100 477176.000   4007202.3104  -4306463.4191  -2458562.1188   1  13   0.0114   0.0104   0.0064  -0.0094   0.0065  -0.0061   0.01   10.9
2100 477177.000   4007202.3131  -4306463.4198  -2458562.1186   1  13   0.0114   0.0104   0.0064  -0.0094   0.0065  -0.0061   0.01   11.0
2100 477178.000   4007202.3094  -4306463.4168  -2458562.1166   1  13   0.0114   0.0104   0.0064  -0.0094   0.0065  -0.0061   0.01   11.1
2100 477179.000   4007202.3105  -4306463.4190  -2458562.1181   1  13   0.0114   0.0104   0.0064  -0.0094   0.0065  -0.0061   0.01   11.1
2100 477180.000   4007202.3110  -4306463.4190  -2458562.1176   1  13   0.0114   0.0104   0.0064  -0.0094   0.0065  -0.0061   0.01   11.2
2100 477181.000   4007202.3123  -4306463.4197  -2458562.1182   1  13   0.0114   0.0104   0.0064  -0.0094   0.0065  -0.0061   0.01   11.3
2100 477182.000   4007202.3121  -4306463.4176  -2458562.1189   1  13   0.0114   0.0104   0.0064  -0.0094   0.0065  -0.0061   0.01   11.3
2100 477183.000   4007202.3113  -4306463.4173  -2458562.1167   1  13   0.0114   0.0104   0.0064  -0.0094   0.0065  -0.0061   0.01   11.4
2100 477184.000   4007202.3150  -4306463.4182  -2458562.1189   1  13   0.0114   0.0104   0.0064  -0.0094   0.0065  -0.0061   0.01   11.5
2100 477185.000   4007202.3102  -4306463.4143  -2458562.1168   1  13   0.0114   0.0104   0.0064  -0.0094   0.0065  -0.0061   0.01   11.6
2100 477186.000   4007202.3147  -4306463.4179  -2458562.1180   1  13   0.0114   0.0104   0.0064  -0.0094   0.0065  -0.0061   0.01   11.6
2100 477187.000   4007202.3101  -4306463.4139  -2458562.1173   1  13   0.0114   0.0104   0.0064  -0.0094   0.0065  -0.0061   0.01   11.7
2100 477188.000   4007202.3132  -4306463.4104  -2458562.1155   1  13   0.0114   0.0104   0.0064  -0.0094   0.0065  -0.0061   0.01   11.8
2100 477189.000   4007202.3111  -4306463.4171  -2458562.1164   1  13   0.0114   0.0104   0.0064  -0.0094   0.0065  -0.0061   0.01   11.9
2100 477190.000   4007202.3119  -4306463.4156  -2458562.1171   1  13   0.0114   0.0104   0.0064  -0.0094   0.0065  -0.0061   0.01   11.9
2100 477191.000   4007202.3106  -4306463.4150  -2458562.1159   1  13   0.0114   0.0104   0.0064  -0.0094   0.0065  -0.0061   0.01   12.0
2100 477192.000   4007202.3113  -4306463.4174  -2458562.1169   1  13   0.0114   0.0104   0.0064  -0.0094   0.0065  -0.0061   0.01   12.1
2100 477193.000   4007202.3154  -4306463.4201  -2458562.1190   1  13   0.0114   0.0104   0.0064  -0.0094   0.0065  -0.0061   0.01   12.2
2100 477194.000   4007202.3118  -4306463.4174  -2458562.1166   1  13   0.0114   0.0104   0.0064  -0.0094   0.0065  -0.0061   0.01   12.2
2100 477195.000   4007202.3091  -4306463.4130  -2458562.1179   1  13   0.0114   0.0104   0.0064  -0.0094   0.0065  -0.0061   0.01   12.3
2100 477196.000   4007202.3125  -4306463.4171  -2458562.1180   1  13   0.0114   0.0104   0.0064  -0.0094   0.0065  -0.0061   0.01   12.4
2100 477197.000   4007202.3109  -4306463.4150  -2458562.1164   1  13   0.0114   0.0104   0.0064  -0.0094   0.0065  -0.0061   0.01   12.5
2100 477198.000   4007202.3131  -4306463.4134  -2458562.1144   1  13   0.0114   0.0104   0.0064  -0.0094   0.0065  -0.0061   0.01   12.5
2100 477199.000   4007202.3163  -4306463.4175  -2458562.1178   1  13   0.0114   0.0104   0.0064  -0.0094   0.0065  -0.0061   0.01   12.6
2100 477200.000   4007202.3164  -4306463.4149  -2458562.1174   1  13   0.0114   0.0104   0.0064  -0.0094   0.0065  -0.0061   0.01   12.7
2100 477201.000   4007202.3155  -4306463.4186  -2458562.1194   1  13   0.0114   0.0104   0.0064  -0.0094   0.0065  -0.0061   0.01   12.8
2100 477202.000   4007202.3174  -4306463.4147  -2458562.1164   1  13   0.0114   0.0104   0.0064  -0.0094   0.0065  -0.0061   0.01   12.9
2100 477203.000   4007202.3169  -4306463.4164  -2458562.1185   1  13   0.0114   0.0104   0.0064  -0.0094   0.0065  -0.0061   0.01   12.9
